y,Spot-only,PM-only,Combined
1,0.72485888241152,0.7731090022312703,0.803768979394875
1,0.9623703230208933,0.3737958927244481,0.9515511961376936
0,0.004152692050853793,0.43428504220010977,0.007604921683465496
1,0.9197895693948528,0.647370730804212,0.8518589495998472
1,0.36946517877928836,0.7193619348193524,0.48713212457430954
1,0.03421349837700389,0.2890047999896216,0.021232510477660633
1,0.891718882067026,0.8106745353874628,0.9315633442470155
1,0.7373608496034366,0.47376106109216226,0.6381550648099366
0,0.4116621298024863,0.30500595000754716,0.46373242341171017
1,0.07797728515579232,0.7524049927188837,0.17147034804812866
0,0.03360078267859838,0.39620663373548054,0.04730447970209255
0,0.05871700293042353,0.6111576655043582,0.11768187413998538
1,0.7670982258485072,0.4343420212979836,0.7961646633497838
1,0.2687796445090332,0.2211844755647213,0.16404244234295828
1,0.176636626391377,0.33682249399925107,0.11064472383675719
1,0.4457723471608909,0.6714537158516685,0.3450632269451768
1,0.43104227167519193,0.1362940250058053,0.06847543584232055
0,0.1988091718375455,0.4636817109058578,0.15023281442013592
0,0.09581596900198527,0.5044066074592287,0.14259351635399878
1,0.01580243781795142,0.5339535757869742,0.01691110122416117
1,0.9513260349608736,0.24366185698878934,0.9295203253267043
0,0.3314959772230826,0.3012904439964857,0.3381289197751777
1,0.7245420531021588,0.44198374629520876,0.6470229054069859
0,0.5928866506258398,0.6176113926497487,0.7122259749733253
1,0.9691350827883681,0.5944099155934165,0.9813653014526239
0,0.2931440978993583,0.5936902161793098,0.31712650741826437
0,0.6121022708178666,0.4164843784728834,0.45943780468853057
1,0.17946379854316602,0.14078109829543317,0.0528471455374502
1,0.6681113939014184,0.4655595831643871,0.5977537586452959
1,0.4265537633540494,0.26835025532789863,0.29800665994012715
1,0.25617158715196686,0.46825007626303816,0.2446217825776713
0,0.17821493631622004,0.2853707946847682,0.109975306850874
0,0.1505552597940336,0.41521050753220795,0.1461752279896842
1,0.4306696018659881,0.59853605179042,0.44975690509324295
0,0.08185485194694031,0.4020066115765972,0.0776152639807509
1,0.03449752279643332,0.2858915371598516,0.02836630604665213
0,0.36770284438087547,0.5474703133321531,0.46197054444376945
0,0.3996464865062332,0.23681574556659915,0.2500584625944618
1,0.6963680534928957,0.5692832524281907,0.7953247320240577
1,0.6887533459203026,0.3227835174656992,0.6309960311447982
1,0.8736887995799256,0.5727020505370578,0.8293086039811668
1,0.6112064255687234,0.3837591821861658,0.5298485372309929
1,0.9856311440844513,0.699238871063709,0.9789121154105727
0,0.0576450397234137,0.66054223531309,0.0849713583334244
1,0.6034639026514869,0.7613098910513907,0.7202064855576804
1,0.9919081341186262,0.6587820204856948,0.9808052485630092
0,0.20402837011405514,0.2745972129661327,0.15071306927604222
1,0.06673840614275714,0.2029436946606541,0.08596497078119679
1,0.062386921093149396,0.38273412992263733,0.06759878050011
1,0.6086758037557618,0.40978069000912937,0.5146668723696739
0,0.04039268652279892,0.3311146156694543,0.03484238249024781
0,0.4845157056241691,0.599923468352003,0.6087906708132255
1,0.5444132204894064,0.5997310249803554,0.5261368542582163
0,0.5012089364983876,0.6953324018518493,0.5202475792708362
1,0.9981204603282426,0.6513832630525792,0.9983482331382703
1,0.6664866447187429,0.7036292648489142,0.7145876970778875
1,0.9006170367283696,0.5681637048662616,0.8750306903701488
0,0.8758320259126497,0.6869181430909665,0.8632860977369601
1,0.847878512473858,0.4444359898724112,0.8402956109298167
1,0.6604335096727463,0.5848694569055702,0.618832263811862
0,0.40712553376543353,0.5523147975338738,0.4872764606094307
0,0.4943599805226024,0.5074450652899869,0.5242088686683806
1,0.6518008642107522,0.65877430229942,0.6390449526358948
1,0.649894763429361,0.5979698174261194,0.5214324694174317
0,0.46934664264700143,0.46072162952075024,0.447789488547708
0,0.007653036106452015,0.058300385866331274,0.004138639114339053
0,0.06537559771492449,0.27295447431977354,0.11561004803621192
1,0.7120779082401789,0.6630077784887052,0.7828088554464926
1,0.5170141351384049,0.5012483240043538,0.4100474584484843
1,0.9579985740335218,0.42421615119971645,0.8454756804749023
0,0.2763385735674142,0.4971100715318132,0.31720828072250123
0,0.7464146049777867,0.1780258794816618,0.4811423478313767
1,0.40435802021533485,0.6913643281322244,0.4344107168998437
0,0.008291889227375192,0.5826509686254219,0.014701682125381626
1,0.594431159797473,0.619943929342206,0.7089759393933445
0,0.43514398469182913,0.207340031509178,0.27136667070489545
0,0.24248545425231569,0.5135162950203985,0.32614201891657846
1,0.9174883352087375,0.9172906520234905,0.9800980332467648
1,0.7817136329024927,0.7653489280348691,0.8552477402292719
1,0.7572244021992764,0.42768882956257165,0.7773696090036777
1,0.576347441340895,0.4213970046669805,0.44580917357223454
0,0.05489823968817452,0.5584353673842681,0.06870652178996194
1,0.3364355816240701,0.6751467134670829,0.46850572800094054
1,0.6777636126552029,0.7852179599858571,0.6950788609723223
0,0.21346140675762612,0.6837033776567762,0.1921891846149149
1,0.6139940752253326,0.7820706794678309,0.8515699353695629
0,0.6450933645858632,0.3091795977269179,0.5832657873330589
1,0.8766185891611827,0.6239917629183012,0.8655365489556218
1,0.8543277463612156,0.622172740645622,0.7957707186706356
1,0.41745354841196736,0.35418283485103635,0.245808388561195
1,0.4687292388409623,0.4732489734302472,0.3652898068820543
0,0.6603291363592307,0.25224704889364863,0.33728603849559213
0,0.23264548065134566,0.3938437252453332,0.23821398257103532
1,0.7903075428461869,0.7178851594946888,0.8734359438940956
1,0.3926928803096103,0.29347606581144753,0.22674060231980447
0,0.09257195838182071,0.4353612182008895,0.10421520743274176
1,0.7117711491271052,0.48909633372437805,0.7057964543075128
0,0.6999347413899276,0.7067402166489811,0.6525853180425709
0,0.04835808066843593,0.33032832547542895,0.04654289224514758
1,0.3601886513261827,0.19625516403902574,0.15530119034483084
1,0.6111910171950792,0.3665121747220443,0.43417182394052994
1,0.2816831295272319,0.559159729131347,0.31362338283244523
1,0.5720077811370353,0.6847667707860802,0.647259355085794
1,0.9991190134441196,0.6086376031219759,0.9990585948424354
1,0.6358034168667724,0.4406538117471141,0.5449315852660841
1,0.9845311452478721,0.5846597073043953,0.9799763604679198
1,0.9139188253383277,0.5487860153992697,0.8183161840226526
1,0.36854041588875497,0.6029147918861979,0.323562028093136
1,0.4613897059569589,0.5576538996955479,0.43452085699767584
0,0.9221634018246052,0.6614126509601529,0.9129017019184161
1,0.9121602549649488,0.6429508761854584,0.9337053314964673
1,0.8537306332908005,0.5862998690262077,0.8192340672571758
0,0.005970084545360367,0.5044494996930671,0.008533634199647063
1,0.9999815790589816,0.8592937125618182,0.9999539532178728
0,0.0975382399568304,0.6700035831949523,0.043014616458084715
1,0.10820395662156995,0.6759492255376733,0.0563291071391262
1,0.996785385753035,0.7450462556072155,0.9964950591491232
0,0.10845277593643943,0.4888639780494724,0.14573488635653487
1,0.8177995714634219,0.714442532671982,0.7592362249054615
1,0.9796593261534374,0.6738571057357803,0.9780352421210396
1,0.9030613153618503,0.5499762294525011,0.9025275520363097
1,0.6682684057351913,0.775727045699917,0.7068976602365024
1,0.015522844637293013,0.6433885386545194,0.021377648097303716
1,0.16693461931304293,0.5186316450959314,0.16919193350298947
1,0.663834028695433,0.37805609455454336,0.47122774498651915
0,0.41133430880093136,0.48906181290372114,0.5550185024427811
1,0.20458793226922894,0.20743739363167063,0.1651990942564645
1,0.5351146823272654,0.46158634823272987,0.5637764718061041
1,0.4242514076047527,0.36555578098348374,0.22343233491047912
0,0.03272981327699795,0.26936484951306167,0.07170126358008176
0,0.02362134845327486,0.36715118856835677,0.03216418653836976
1,0.8357104062959577,0.6960727312047883,0.8527260875546129
0,0.1432795010838303,0.28923796881552066,0.13731459217389747
1,0.9747835941938242,0.5327468252019564,0.9736143085834037
0,0.10660065392114758,0.668389376159453,0.17849525237495054
1,0.9541611487982122,0.6615037683848407,0.9456501895794712
1,0.9912971629979395,0.6551506167117959,0.9628218696859168
1,0.8024131184814479,0.6977346271636171,0.6610198757596335
0,0.40684985266241763,0.6281487810820398,0.37574341725283406
0,0.30163592712596154,0.4781504793244803,0.29535203859830084
1,0.9999987069494751,0.49749672986885507,0.9999969233578037
0,0.06586520366591299,0.24142236051886354,0.0930003080967315
1,0.8798137794241849,0.66136650079224,0.833963991239246
0,0.06585017975836485,0.24265655677396936,0.07798716912793943
0,0.6631633386396426,0.41513741560134687,0.7476608981008805
1,0.0011723206027535345,0.5796822519481327,0.001449843500501458
1,0.2963504380230826,0.2792870062911129,0.2367674782363948
0,0.035627257642455445,0.4074794181273297,0.04565104877747763
0,0.15971845565341847,0.23455306313862134,0.15530254580874528
1,0.9873694944705679,0.6646078072179172,0.9801010978476522
1,0.0394956044820518,0.23447542360967485,0.0372880534934402
1,0.7086845599113423,0.6337268845832033,0.6928382958030711
0,0.9879165815760599,0.6205684851601994,0.971100669116564
1,0.22698115589225645,0.6330310288981311,0.4041287812302804
1,0.9262881430490904,0.445174926958269,0.9026903225513784
0,0.25479472683376586,0.4937655011829728,0.282539907970893
1,0.7371873878084695,0.1901932532412178,0.5543314314524425
0,0.3564043579159471,0.22830109814282495,0.2418847287597046
0,0.01780852184013488,0.2953942261794901,0.024374939374710837
1,0.9276456511831986,0.894261736498021,0.9620210516405959
1,0.7444247549850801,0.7144385553578221,0.7729068426184713
1,0.5199303402253771,0.6754755403897201,0.6683900761441016
0,0.33868485412925164,0.5401872574686926,0.31446631818351867
0,0.171901598514428,0.6440742747873225,0.18721555339680604
1,0.9420487880553631,0.6295227567240098,0.889447992863884
0,0.5926536770746342,0.6115029268716248,0.5420544956335599
1,0.7986759117661011,0.6786466354693901,0.8248826186638839
1,0.392869081665638,0.8191574703775624,0.5266864818117336
1,0.892875241476261,0.7385102075254284,0.8793884303220448
0,0.20482314036567537,0.5342145347330554,0.28431320111530956
0,0.04361020542708344,0.27727767716063895,0.03809413533758186
1,0.4951334463304969,0.2636050868810944,0.4415985022537698
1,0.49256872005079416,0.3621656435999484,0.32464206907376514
1,0.5142152836780329,0.5905672366171558,0.5154387696111493
1,0.4638494646852889,0.2245893479143653,0.3796993540087933
0,0.3305583758902103,0.38644973455178677,0.35102685393621336
0,0.5152042075673775,0.15645921214934636,0.2861980991559699
0,0.8152824951200479,0.8530162986793841,0.9067449042903657
1,0.6772920896555512,0.5244449440609075,0.6727871817685478
1,0.8703299070682697,0.8199780979818041,0.9070530249379898
1,0.9028585955333152,0.34380127247117515,0.754142496954957
1,0.409224211806475,0.3686828476698442,0.4132262865246325
0,0.058328297339847374,0.2889539867958991,0.03950010430012312
0,0.07067600771908054,0.3490727916177088,0.07472982792341937
0,0.7622254658282217,0.580449327264018,0.6065954633321682
1,0.7177212424669883,0.8063908080370737,0.8176641588453918
0,0.2144573348565871,0.1609344646421687,0.10112098412006015
0,0.7821890772788175,0.3743329547446345,0.7290779786126853
0,0.8196007219046388,0.4343795543203717,0.8934276931548021
1,0.4430795732448755,0.6055030357525022,0.40784088397320994
0,0.5431635944236163,0.18740137323720285,0.2546758724440479
0,0.4203205859790234,0.510079947486709,0.5148856082713797
0,0.006255625970932864,0.21986626207783416,0.007348565987538813
1,0.7436620204707537,0.5991180605713667,0.622521110252487
0,0.3426028620163533,0.3452063054337216,0.23640486205801386
0,0.13640210480025688,0.5068526836803887,0.18201518876827621
0,0.4579174231802418,0.3629159390466557,0.38907326942466597
0,0.020627910166547886,0.44236392194019375,0.018233786796834715
0,0.24978016582951998,0.316636295979475,0.24872076707725094
0,0.13461665230414133,0.6713149523413091,0.20149058007847961
1,0.7487952174463208,0.6372647683700664,0.81523250547971
1,0.9246111211639442,0.6997070538528314,0.9280079529634179
1,0.8856582766552276,0.5299483290825496,0.7748939099795603
0,0.21131089386068025,0.141817539013858,0.18323028504004654
1,0.8776560123053166,0.8421794933412581,0.9271074906074924
0,0.3692499675657755,0.42890566918728884,0.43542348621202126
0,0.1106482279281355,0.4410734249979279,0.09129611526040254
0,0.40252313775462506,0.36373686622845336,0.3366133133919609
0,0.6902652553695355,0.3218868325423165,0.413504466745512
0,0.639702981159184,0.6250666932000546,0.6535825682225732
1,0.8466981552130911,0.7867439667724426,0.8830675718821145
0,0.2729190974306422,0.9836865124711491,0.9960606703676905
0,0.312515417781784,0.9900438983464112,0.9965627445992772
1,0.04127418956458313,0.9834282734016334,0.968522919150535
1,0.8523783794208123,0.9946066756423533,0.9995625898431699
0,0.005681110890240589,0.9580307656402011,0.7549183936417748
0,0.8211370977300638,0.9863499641187823,0.9991506354727102
1,0.8383747886665155,0.9899966514043442,0.9994744049467774
1,0.8651024251824398,0.9957057089149541,0.9997357237655387
1,0.8540080487077514,0.9947259553419804,0.9997487365051789
0,0.33847212114001796,0.9914817983503954,0.9943882198191012
1,0.9658791678993788,0.993330155808963,0.9998733384500389
1,0.4445250204091082,0.9857021220776496,0.998254135560041
0,0.1154935578806273,0.9897066294039032,0.992730581185973
0,0.12667156996112652,0.9799669280684702,0.9847284986182849
1,0.4904824297164283,0.9936451957269717,0.9980680662239786
1,0.09917710751583679,0.9829422974270388,0.9839972966653743
0,0.7037047919571382,0.9939496723480207,0.9989215903615283
1,0.8041392507632791,0.9909783909554297,0.9994271456103471
0,0.009111215377159008,0.9608465767017021,0.89718710198359
1,0.9868367917798784,0.97991495256583,0.9999682014725313
0,0.6654655903822321,0.9113525546464221,0.9990275390745297
1,0.9317959623508099,0.9986429147638033,0.9997274355488385
0,0.004715138398657288,0.9908810629531326,0.8834472135538294
0,0.6411236328283406,0.9458231101946213,0.998377465413038
1,0.02538507519214887,0.9977081085346504,0.9747027197679473
1,0.9020732975908231,0.993279421080011,0.9997840740574733
1,0.5153061012536839,0.9944130143444445,0.9989681833987776
1,0.08062752622173558,0.9746464666173941,0.9858217377221807
0,0.6306449173175817,0.9931572366413225,0.9990731252708126
0,0.7052567157401173,0.9881190854323212,0.9989208164128042
0,0.9922408025109696,0.9973010015928926,0.9999852586488354
1,0.9602849544774547,0.9947032164555438,0.9998671547172694
0,0.9414138854194322,0.9757395348893857,0.9998921051057147
1,0.9350008316277795,0.9941106538523511,0.9998959651340544
0,0.05879777309878849,0.9794705091621243,0.9701886410654049
1,0.898200591896316,0.9972145685283801,0.9999048759432745
0,0.03305672625606312,0.9933311367917981,0.9705038341855103
0,0.022715246598946866,0.9901277584627663,0.9434213327675277
0,0.32842020968615676,0.9950166283855666,0.9977043739622959
0,0.35632218462260823,0.9876752499008012,0.9967148789734411
1,0.8624438654791773,0.9962087494563755,0.999779453818064
1,0.8189965717499837,0.9962064814180003,0.9996029903092483
1,0.6178381596935225,0.9972054215953148,0.9990861740313505
1,0.8842957158053116,0.9834039004613274,0.9995220900036512
0,0.8746760225990822,0.9936388670641009,0.9996511629346132
0,0.13844387235584568,0.9914419526095639,0.9925093043453447
0,0.31704151724140633,0.9148629511102995,0.9790834127294444
1,0.8739534321383728,0.9975069236496946,0.9997594234060386
1,0.9533189709427672,0.9987429512192484,0.9999616275068768
0,0.1036596309635258,0.9762310146096757,0.9799791036591047
0,0.4368297112226308,0.9733836463940028,0.9962357410540773
1,0.6636963020619003,0.9957538403046887,0.9995347732313674
0,0.45853354565464827,0.9658093709019648,0.9937997166317486
0,0.2137025972860502,0.9735104224098844,0.9924241066366142
0,0.3287333589334182,0.9961268082749266,0.9974398156926562
1,0.5294835110732014,0.9831907629951998,0.9965590540987899
1,0.9719418013096269,0.9988265260379608,0.9999800170261799
1,0.8951341686236138,0.9951235694397845,0.9998478385165497
1,0.3939040472816658,0.9910271080389073,0.9963611391429309
0,0.26498143617789605,0.9739156621756558,0.9950289750307182
1,0.7565944761511488,0.9712850690472061,0.9991517498358597
1,0.996188162203019,0.9986852291662395,0.9999889712918327
1,0.9990450768190221,0.9986048101219787,0.9999931351691383
0,0.46073863287257816,0.979029789807337,0.9982518823955222
1,0.9419664651889174,0.9987104707292217,0.9998806682385241
0,0.7802105585244238,0.9938097498782896,0.9994997044714794
1,0.12469392773594078,0.9952253678053194,0.9928891852592895
1,0.21146886220795363,0.9906444115798929,0.9957354490953445
0,0.09169778323876934,0.9911366564510056,0.9913854421706031
0,0.55316435421025,0.9809316651775588,0.9985847675626464
0,0.1591264570566003,0.9814943133946609,0.9898384757588221
0,0.7251181241249839,0.9944443813745965,0.9994090265326729
1,0.2811647951197408,0.9944441550786312,0.9958354864079528
0,0.8487156099944577,0.9932507498691758,0.9997055107173202
1,0.6196718682209162,0.981018838550638,0.9984982689494666
1,0.8281763017259096,0.9975778344373615,0.9998203545100119
0,0.37543454739893883,0.9907740368995637,0.9970099628946528
0,0.5681975244673687,0.9825722455126846,0.9981479467466501
1,0.4414299168502894,0.9975505845882195,0.9991860438988658
0,0.3255071050899081,0.987320703074908,0.996419601350607
0,0.17616438138308846,0.9919993727165817,0.9923593623508341
1,0.8687651747395635,0.9974702967755742,0.9998909173730444
1,0.8974012924076844,0.9976736801762693,0.9998937517986998
0,0.14605286344779936,0.9861630580380165,0.989361843664879
0,0.2934468821923622,0.9803342187867625,0.9944689194286725
0,0.7641417433265438,0.9961333501828632,0.999577117068517
1,0.6689287425316924,0.9976959181544531,0.9996883082093305
1,0.7489093764310516,0.994035407179297,0.9996001005051373
1,0.7439430243695241,0.9762934604217294,0.9989482104457601
1,0.680504806640743,0.9944831339349656,0.9992501423040426
1,0.3442544645656356,0.9750594775876396,0.9954882086951371
1,0.8014257283763695,0.9900293848530847,0.999500215072247
0,0.14708799210044288,0.9710337029183361,0.9825858964472615
1,0.7395880823258705,0.9972148728269774,0.9995531741078985
1,0.9878233780645844,0.9967899961668203,0.9999741555531566
0,0.20052609373385713,0.9334209643622475,0.9864401062127715
0,0.6920597732886975,0.9973976740742595,0.9993631323393017
1,0.6253420788869847,0.9597476038108138,0.9979959479179495
1,0.8304033846616862,0.9938042950039527,0.9995280598608989
1,0.9543069716467198,0.9785871488450704,0.9996117373168901
1,0.9566384516076839,0.9963674766420296,0.9998654567197962
1,0.6674398370038364,0.9975789558805954,0.9992530526882043
1,0.9020615281400142,0.9767730463784784,0.9994564096174167
0,0.6852971688581929,0.9874425596952691,0.9986993854401555
0,0.4807327314758788,0.9924322918500859,0.9986611766712203
1,0.9246810582797906,0.9964259966139274,0.9998542986395462
0,0.5573175337162072,0.9836680213782966,0.9974630224376353
0,0.22854943188557925,0.9870680748322456,0.9934532188540071
1,0.9028364323373514,0.7782814663225467,0.8876512450440333
1,0.3093761308886619,0.3663817881347735,0.2856452044393537
0,0.42463714679159814,0.6769258443258735,0.3189384634597622
1,0.9974613023871873,0.941798474536573,0.9941517860835747
1,0.8657890174953929,0.6779013442898342,0.9013102898262393
1,0.9862914796955088,0.7117367316642894,0.9647373881690026
1,0.5356177279163464,0.858713047076943,0.38955052096498644
1,0.927037308746786,0.7667658253709391,0.8268853693739701
1,0.848854892273623,0.46806889073359714,0.8091715445968659
1,0.9053956842970619,0.2839437767433565,0.8509407711186889
0,0.16569265213074852,0.6654829070752186,0.10224566593394674
0,0.036516579010743594,0.30303598251474123,0.03917462827568699
1,0.8809417054360039,0.45281805204482733,0.853600001322967
0,0.7336518996825098,0.7357791563019952,0.624189975406103
0,0.6293784116429336,0.6716698618292549,0.6582398054331072
0,0.9887664849836435,0.781287832874311,0.9841067948612722
0,0.3504830987296841,0.3400307366712285,0.18465249125195116
0,0.06925641443583619,0.302861702494726,0.12849641719449156
1,0.9788108680197992,0.8517352995215353,0.9521301131009664
1,0.8038141020829723,0.5051750691288553,0.744755005306878
1,0.44620524041416865,0.5306292692504311,0.45941896264851906
0,0.4856413669025484,0.6095314302110953,0.5955685220367564
0,0.402299251361155,0.45782409048615264,0.3215385583241751
0,0.22310391853319497,0.4824163320862302,0.18189765669882657
1,0.797369235326926,0.6908108403080968,0.7413145469473875
0,0.24454801125423636,0.36367058996510965,0.3613416923726613
1,0.7628837618572867,0.8252591435565751,0.7129597793718554
0,0.23179702458098783,0.1635480475256792,0.1177382862734897
1,0.43867721721897696,0.47745080098710513,0.3464732394103831
0,0.18574665802009555,0.692096582274621,0.19075656406114813
1,0.6713567521238063,0.8470995816715222,0.6926144791920383
1,0.6273635424467664,0.7936268358821271,0.6766026910646433
1,0.5654187156666236,0.6061438219603762,0.5897522655343587
0,0.7418337617347537,0.6429824280087877,0.7246172271705431
0,0.5049981159780943,0.48235672775010713,0.4404181107918659
1,0.7597219783978498,0.7679167045373523,0.7806772608518957
1,0.7887305325141676,0.7463845317765041,0.8005623346443688
0,0.4449367214630088,0.5827138952601311,0.4908518297113757
0,0.701769996509173,0.7180655277611652,0.7821965746950154
0,0.6819702591416688,0.7521247813160311,0.6107959161535744
0,0.10103425365610631,0.1336446600819079,0.0899025258843618
0,0.31741143159041274,0.3134091219523,0.39254684115207134
1,0.5845609193974697,0.25310121911335404,0.3793997371330513
1,0.6203849957456328,0.45482899211497246,0.3707513304020404
0,0.5463987671353056,0.29825849574168534,0.33299865082494046
1,0.7746577803601118,0.7840672115411981,0.7432118970934127
1,0.5497939556952524,0.33337835948732686,0.2969370779286721
1,0.49332154156088914,0.6246660190830545,0.3379378460101369
0,0.14389876787373526,0.09772641181196808,0.0359627627866731
1,0.6345808199563399,0.49750925547791386,0.5616205534510864
0,0.6068015901511067,0.5858068841722679,0.6488373826212256
1,0.48558584423987305,0.7465717445523256,0.6130007594361498
1,0.8392448483548232,0.6588371053893182,0.7139641544911225
1,0.775890166143189,0.6716614684544232,0.7222825122205649
1,0.20947262243672923,0.5581477176353656,0.20668710525695932
1,0.673251031476155,0.6404973146113122,0.5867000608018054
0,0.6565461119460837,0.32594085506023907,0.4331822931296094
0,0.4721286593142343,0.6433810788888148,0.43140339332475375
0,0.6535411846976152,0.23877625071190386,0.4278750547535092
1,0.5510017311863586,0.4812868978025528,0.5112428649985493
1,0.8595599704290477,0.5795349196908542,0.8038994316069554
1,0.5902300160764139,0.8750795105661892,0.7054606620498108
1,0.7020192123448094,0.7438255554194971,0.6465202157083916
0,0.25885738979553585,0.22952681629123992,0.15801512356618774
1,0.6904916273395362,0.46788125230037914,0.5810398768509184
0,0.35123278709399647,0.1709219621538573,0.16736647706778585
1,0.5315419859907916,0.307556178988028,0.3495548193899593
0,0.41563696570452596,0.41616254506535455,0.350341063319886
1,0.3916274312510873,0.7109168080425698,0.38700873126209157
1,0.5479412159517034,0.40276440679176645,0.4389884335694875
0,0.1831638469377676,0.15409753978526747,0.08284165155926054
1,0.5707467608429094,0.6386334893170917,0.5499078558963766
0,0.35437229218487903,0.1964975294808805,0.16145280136339998
0,0.2530909435134272,0.11854609703025065,0.06549164277120026
0,0.5407067894674944,0.4246224101743669,0.42311533001944274
1,0.9106607243496864,0.8110801351290501,0.8496504747828755
1,0.49907665571138776,0.7107077549513655,0.5453277393681192
0,0.33593153173364954,0.4282399237677435,0.29835347349306335
0,0.3294059733141005,0.7237339718802884,0.44849213069744404
1,0.5901054188885578,0.4054998356881798,0.5741256069848438
1,0.5896546080484721,0.6683951371986702,0.6629787218746486
0,0.20391499176605346,0.2720234799880081,0.13595707038048027
0,0.4785304237399197,0.3693466073588833,0.3850748125281441
1,0.45808016816928954,0.6228289042385187,0.4765113141469511
1,0.8255803063265856,0.7411985208773846,0.8267562874247212
0,0.530169660187939,0.3267218588920972,0.41986356080350623
0,0.22116791137856054,0.31270217711346526,0.20864164159915677
0,0.24250790456731938,0.15194895873913955,0.18447464724817517
0,0.6790802436999664,0.48255448594628275,0.6478397942216406
0,0.35754647483535396,0.3020602390862201,0.2554793968292705
1,0.45784867374630384,0.5416424000843343,0.55842842931967
1,0.5897479271292856,0.5555846119473363,0.5681297743181383
1,0.7709953600929804,0.8130093130771706,0.8627808593149386
1,0.6313877308117011,0.6665793756648773,0.6927596862910261
1,0.5400622223164194,0.2787757424018352,0.2942919887677051
1,0.5729240046305486,0.6690470068996096,0.584370056518344
1,0.7447244706656447,0.8462699399555119,0.8037014904319588
0,0.4681845284576508,0.4226079248269066,0.3798456642269781
0,0.39077734206775466,0.5592811297521794,0.3153836801058183
1,0.7759186573997877,0.7839680321656229,0.7588883037971845
1,0.498451757662689,0.6486086276774483,0.5778873306786242
1,0.8950084327945468,0.8330735880222224,0.9179914401313213
0,0.39344592490840186,0.4721107434581315,0.3817812407994593
1,0.3342035937701323,0.21368792124466995,0.12873629149974056
0,0.7129579518725258,0.5258405186393357,0.5940525491954819
1,0.5634187658073859,0.6038235417334793,0.6775719522098727
0,0.31431648596628825,0.2638950554595776,0.19734436103500258
0,0.569612893263085,0.6907936303551144,0.5764691726130718
1,0.668979794181845,0.7726653254170921,0.7139167858032084
0,0.701735492954834,0.6176583462198232,0.6855258478226053
0,0.132696058154183,0.14013692055044089,0.0468450646867589
1,0.5840749759193152,0.46396793045902046,0.4892725351420612
0,0.29751015266217185,0.27519352975923034,0.1484593591563947
1,0.5251456339535375,0.7225776523587661,0.5553128673709585
0,0.5395216846037127,0.6027463302689153,0.5442237023921473
1,0.6609484821464169,0.47659841428295274,0.4593573061912454
1,0.45361031500075066,0.414464993701449,0.33178895189363006
1,0.5652579751945245,0.5343941654879725,0.5518354910436316
0,0.3737868659086074,0.2606955313137505,0.19204367927544594
0,0.3691590714534607,0.5272763884727387,0.36609923635295843
0,0.3418557454153551,0.3159157242972639,0.1293705702563372
1,0.5097176687308833,0.483298607731122,0.35753417320588937
1,0.60011252585039,0.7549624565147596,0.607357219470608
1,0.5020710626886947,0.3856097688481881,0.273014096426017
1,0.3852671821870356,0.17067914294591016,0.12264036183496367
0,0.4456885733548811,0.42398264572426914,0.33080441558867213
1,0.4815872993626499,0.5769773945846651,0.4767218038216191
0,0.46229992891484006,0.5284837038089039,0.40230579976625813
0,0.363780773830664,0.4486116497923081,0.3075244669244093
1,0.6580454997311872,0.7185533017415977,0.6886659524326385
1,0.5373075518173233,0.5760622945451916,0.5255337309897069
0,0.37826092640297854,0.5069348605090056,0.2676375579429464
0,0.23601546532825454,0.24892597204513736,0.0985689068225833
1,0.5843658845776403,0.7740550192589588,0.6393737990398783
1,0.49738059529202033,0.5668767378401418,0.42370803563529175
1,0.6115398977176385,0.36200519514079726,0.3298289662813243
0,0.47049816523204335,0.48959686555906934,0.343627287834211
1,0.5345791416787948,0.47500314683811246,0.3109790456419064
1,0.5958510632396883,0.5674257906670427,0.4362649457252357
0,0.42726543247283455,0.3768119679233911,0.34948712325435644
1,0.9472117978039789,0.9340917697946439,0.9750561894961454
1,0.5303845279941864,0.23321058490655186,0.37046313573982587
1,0.7407716515534395,0.7155156371921759,0.6626563755773552
1,0.40358700932315733,0.3686651344249288,0.30323992428643787
0,0.3501057089704123,0.1810273888231978,0.19627819505885194
1,0.5091108186330244,0.7271325766705101,0.5783850166707635
0,0.3008148210435214,0.37253360490532145,0.1598225121339898
0,0.28756849808558754,0.21610808742651103,0.12541220678797577
0,0.47332268423654167,0.5951559198653018,0.4108346750389701
0,0.5927384396723762,0.7392580115627574,0.6570981912898999
1,0.4112328566317851,0.3427305130778859,0.36031010253574
1,0.7233078216708052,0.4277582487821588,0.5877906235848998
1,0.9786004290443131,0.9214793016031582,0.9773478898686991
0,0.46173211466653524,0.5031931418949346,0.44637506307395436
1,0.1805164499510091,0.18185006458745398,0.09100994604856966
1,0.9055878278200094,0.846971121578563,0.9421017599756513
0,0.5666079829040823,0.6473112773060277,0.4755237518466635
0,0.24716823769120214,0.1720703210265464,0.14653792319987288
0,0.6095989405640136,0.39346548293264827,0.2813551723525029
1,0.44359214146271525,0.24564426798773184,0.22221671943691654
1,0.8433765483167965,0.6475115023211024,0.7787060433560703
0,0.6108011733089502,0.4990344383556899,0.5013690894949279
0,0.49609888534892677,0.5159701320614117,0.27146229050923926
1,0.4199705591564711,0.5749825604037933,0.5021716489234193
0,0.3009635124614918,0.4196999242694573,0.2860305034592508
1,0.9169301736386544,0.8861192002371601,0.896857053427517
1,0.518252657033675,0.4672863554129217,0.4007329410917204
0,0.4473819120414592,0.5400707707543712,0.39763032770563367
1,0.7764194040052147,0.7291514339618929,0.7298318230767453
0,0.3787491179457779,0.7114101257087979,0.45515714221358766
0,0.48097724761161026,0.3301932578718195,0.3427060118725054
1,0.6086274876740899,0.3931868079257454,0.3848876120348346
1,0.5834404647359165,0.520489912774523,0.6032148604093601
0,0.43727618955439407,0.5759954543508643,0.35616218152947837
0,0.2923023592690875,0.2196293190332817,0.16339629773794176
0,0.4662635031897858,0.37562081778983675,0.317579117859088
1,0.7471220934069706,0.828181058523924,0.8404996512874581
1,0.5790053786073762,0.8167540621692054,0.6721035086632996
0,0.28355435262725803,0.30280633998428025,0.13895476904142595
1,0.8004004171052481,0.9053977057447886,0.8937208342415459
1,0.9072622642478017,0.9095521451605962,0.9108624748412665
1,0.7096199295263517,0.7703038220978266,0.6621318316449863
0,0.46766436851144366,0.5091573145764816,0.4507811414961762
1,0.47997905872997426,0.5450059680336942,0.4478360970976653
0,0.39784459516041004,0.5481915657629491,0.34133511284471535
1,0.7780338430644816,0.612129981478974,0.7102457527475946
0,0.49723696752789875,0.24962041263309526,0.30830749623067577
0,0.4941028937823203,0.42851916147663777,0.41276797801623094
0,0.5538395784323918,0.3682526897206812,0.41035353258858337
0,0.8304416208707653,0.8725485371244833,0.9207019823727668
0,0.5443893231226455,0.7825371679604805,0.6531148913565922
1,0.8004183141474355,0.9381096089969161,0.9113669690490711
0,0.2619031340141656,0.19529750732803086,0.12560937885772522
1,0.5411994183216963,0.5730140659681139,0.46332725713876743
0,0.46212575601829625,0.4522341525418948,0.3279354004766477
1,0.6976166285896832,0.7837542853066143,0.7468211530257052
0,0.6669131638576036,0.8537061605900303,0.77490160264216
1,0.1899778000682545,0.31045110181832763,0.12821221239899522
0,0.3701195101330312,0.5041926922588135,0.34112826545643365
1,0.6664753287845486,0.8562640113968325,0.8399738720557998
0,0.42645098653784946,0.41170184519076863,0.39147513142813295
0,0.3115458592019881,0.1801399522948694,0.15888672282540026
1,0.2936335448450529,0.2874035792227787,0.14204714026648724
1,0.6507078806574152,0.4595782896726882,0.5558838039001598
0,0.2930641387626433,0.47744628705940345,0.24634427410446674
0,0.3749339822390289,0.25900419257036056,0.23856938919059595
1,0.7320449408444593,0.6773706589780562,0.5660039675540013
0,0.5095101011945189,0.6142435021484604,0.4859160506240906
1,0.7329859479033465,0.5390616749702728,0.5974373662685265
0,0.20141353554549796,0.09539141342458018,0.11813276051748198
1,0.6073441245923363,0.470478434678767,0.5670102586612762
0,0.3395655395647243,0.48623987099129934,0.2928101779327325
1,0.6336531771468576,0.6634219974328546,0.6296454887093321
1,0.6453026942486898,0.6177114084994003,0.6882994487108864
1,0.6195420238192574,0.5190341675753976,0.5576967224004069
1,0.596048699645594,0.7324757804896759,0.6115738200496453
0,0.4099196664185536,0.40131679802336273,0.3641360683875818
0,0.5687869849990618,0.6990633380636385,0.4824415104524191
0,0.6185073202655684,0.8456720064105988,0.6689927404594161
0,0.1155059831475252,0.14040064983063422,0.06709754870568904
1,0.7244537204238624,0.7024165398993792,0.6621604229467907
1,0.5796362259752793,0.36432367340025024,0.40948468402941146
0,0.48090207720533423,0.44998642678890155,0.33542640617602587
1,0.5187830602934391,0.4614693326220343,0.3804089706949026
0,0.4532324677271827,0.316660562199055,0.2880009480521133
0,0.5041544502603568,0.6864734661973035,0.4970956643081951
1,0.9521983908792063,0.9583247639640389,0.9618240317511948
0,0.28254296360123715,0.267285865537946,0.2566816979165843
0,0.3235590432910534,0.39542903451622247,0.2809265050349746
1,0.8109325242975062,0.7558399759802645,0.7741676680019047
1,0.9397289315797823,0.9003121982894412,0.9514239733355727
0,0.43952310162553476,0.5637547831267287,0.278270146532063
0,0.7648212889910975,0.6145392864744307,0.5363548455901911
1,0.8037263935588556,0.5157817180440485,0.7762764709962017
1,0.9376969861897254,0.9052714767319922,0.9661267197776213
1,0.9667686918284273,0.8290090706556842,0.9795105860939881
1,0.9765279619107236,0.7115995421190184,0.9540862955641545
0,0.5214644659798082,0.5107580251098045,0.5200657254238247
1,0.7975158881825423,0.43469129788943983,0.7331016922440426
1,0.29891222029437164,0.6274290919272829,0.3268638048117582
0,0.8262949711508374,0.8507646097929596,0.7526982002651084
0,0.3570963678047878,0.6845853078454613,0.3365393133777435
1,0.8696976268406431,0.6894058958553887,0.8741593000333916
1,0.8038744236178113,0.6281328944994922,0.7424370467297177
0,0.19330137032580974,0.40207438364587217,0.17229650132890928
1,0.9162693515391819,0.753142132584317,0.9491836660533044
0,0.3692071105639004,0.22396406329083257,0.24603684626296132
1,0.8420888504343775,0.7285475647287302,0.8817796238216223
0,0.7241497419595561,0.6464982506075929,0.7414870326632326
0,0.157319064197047,0.3272872895278105,0.11950899873793268
1,0.4886907115622486,0.3957722177536455,0.4217197635339552
1,0.7039283088478377,0.7204677183589195,0.7621125843688188
0,0.5257367626907439,0.3142567405777616,0.30422386888048963
1,0.7001377471010274,0.6216663809799157,0.49798449742759426
1,0.9999934170513213,0.9005170037966912,0.9997445363715293
0,0.5166798818424109,0.28611791278245524,0.5215709162813308
1,0.9117693117637968,0.7268205994113065,0.8869650772279863
0,0.8928220581625774,0.7717117238490444,0.7838043850425773
1,0.9180712402297071,0.6538999761203746,0.8559733218058379
1,0.9939297621687944,0.7709807820580975,0.9884672848138479
1,0.6003225715495698,0.4639766979252209,0.5292808327677833
0,0.5033400603203516,0.3089193303011871,0.4526983482844941
1,0.40045898343842046,0.2876982462000414,0.25436963317790545
1,0.6010193136060313,0.42944601613097616,0.4878232907958865
0,0.024009374648355522,0.25388407375857364,0.026152968377735276
1,0.6394921351927464,0.7169688145996026,0.6576435646773077
1,0.6999521731062868,0.6580096345853291,0.6692807104466224
0,0.4192617723866915,0.36238908087830746,0.2729378484668959
1,0.8104516301024363,0.8094691729226549,0.7007674239066841
0,0.21755594552490648,0.17945324563181403,0.09597224169142463
0,0.11971988759241636,0.47369319286153555,0.10864239939922526
0,0.4290284650550206,0.48528227988027783,0.38185996029171687
1,0.9465083898295104,0.9254717321092365,0.9349408607054567
0,0.13644425298138363,0.23143457913980453,0.10895064768332174
0,0.402210385187527,0.34421269202050664,0.3422036293345565
0,0.7608943579366191,0.3743094115215313,0.3658936724533035
1,0.3669453293669775,0.48365113919486763,0.3706261892296579
1,0.6005729241841421,0.5672126751724198,0.5129021839254149
0,0.4102949253235501,0.34357073202626653,0.31570473968359103
1,0.7973353392404293,0.5475890064676439,0.7587608630634706
1,0.8856146753635438,0.8667935758271863,0.9054212237517937
1,0.49131645068895285,0.7435006244841713,0.5652530380528507
0,0.08450481751046111,0.4180807230830868,0.09699102653442349
1,0.9508314274011547,0.7222762954997836,0.9212809962148398
0,0.40477208204033516,0.5668923527255572,0.4524641017569704
0,0.7482870357283484,0.6658361414716742,0.7160343052125647
1,0.46423672469219535,0.4479800595012172,0.3754611626332602
0,0.5019892636218837,0.6303278876114479,0.5003541699381637
1,0.8164279602865804,0.7173151256270913,0.8122551814789518
1,0.8910450030269191,0.44341384772529197,0.7540791870201606
0,0.4970204666858595,0.8104538719047368,0.3866647595057324
1,0.406362745819292,0.436543447349463,0.27613607377358346
1,0.8153259999140127,0.718065691820249,0.8409495708643308
0,0.23840752001842067,0.39033436284512546,0.20814054894089162
1,0.9924280461234708,0.8463173510889361,0.986789390198758
0,0.8859366173962944,0.8745867801159943,0.8762128220034828
1,0.8547953690173565,0.8026210173405317,0.8326553825190177
0,0.6992806192828516,0.4316839270944005,0.4876616424080471
0,0.04177827776783988,0.18055782515272586,0.2100734299367904
1,0.8247856443505378,0.7010327200952311,0.8512185548831056
1,0.12840524786338492,0.5110019538535727,0.17113218002749891
1,0.9063537085577837,0.44690847841873815,0.7962667843904601
0,0.2696052917895163,0.6698405112988429,0.2663118111505086
0,0.19368440063788173,0.6046735112642524,0.2184866500883236
1,0.8631168301757302,0.42166773007080427,0.7501956123452809
1,0.8738784066642694,0.8642245482081882,0.910821200166045
1,0.7740180922621236,0.5649527991016349,0.7374650433520921
1,0.9078243430446254,0.5288762809149695,0.8951298487520462
1,0.8321585294626834,0.7296100511836326,0.7034672553073928
0,0.597499593042633,0.36413789809588143,0.4018704579272793
1,0.7234703975824238,0.5047144253667362,0.6224463656901686
1,0.4404955929907097,0.6283247392953191,0.3834473273116879
1,0.6212423805249506,0.5224802390300782,0.5396672377399069
1,0.4078571535244335,0.5778378590197014,0.3159587530021347
0,0.7508766191931822,0.5370784954752892,0.6341026684855382
0,0.0787241052482853,0.2966205552976057,0.08117325477196159
1,0.31727617307741235,0.6340129304455518,0.2903101209917773
0,0.6962525115299689,0.6776285899668832,0.6449616244472858
1,0.7353677800260139,0.8025831045987303,0.7874572951107102
0,0.07549163422160322,0.1528271483801355,0.060164379822802705
0,0.3280294509065741,0.3759636775395714,0.19213212233073323
1,0.6738083014644788,0.7265956984674997,0.7210701535390533
1,0.6380673250078257,0.5715259844230188,0.5065909087492784
1,0.822236288084295,0.6561940245065213,0.8487153248222413
1,0.7292940881443603,0.5263653729207112,0.5765911008951368
0,0.6391995231269247,0.6960871257509604,0.7103328867262422
1,0.9528015878798499,0.7638257606031561,0.959402249682478
1,0.742961264874605,0.7356118510649822,0.7158648221365699
1,0.9888073408082548,0.7031992748336534,0.9812085609646465
0,0.29062894967909747,0.4738545028842873,0.2258540540654622
1,0.7870834203197156,0.481349495878627,0.7215672156144746
0,0.6006076188751024,0.8038009432189558,0.6960533088126353
0,0.047470576124299016,0.21190555721071042,0.04375317431295042
1,0.8236826604264177,0.8374674865204644,0.8310722529441568
1,0.839317092717888,0.7209454662722695,0.830628689881558
0,0.3784675689488759,0.5054924416119094,0.3299444251273345
1,0.19056266319209564,0.2499634554885754,0.22585823019601703
0,0.0899726143960827,0.2549412323741491,0.06224400975113018
1,0.9557958844109866,0.8255746499363593,0.9445340868144316
1,0.5144469007075447,0.582687353751135,0.36882902119085675
1,0.3003953419962069,0.4961210577122185,0.351607945500317
1,0.5767266292149087,0.29166152246765764,0.5639604876369638
0,0.6645682254491779,0.3937377191280593,0.6238058723610541
1,0.6149797405922804,0.7063101028529579,0.6797996884796681
0,0.24335460381167984,0.5254987760718806,0.22780166676797892
0,0.36731406330719696,0.453602467110714,0.3364265172736655
1,0.9191257730198693,0.5906802480539917,0.8872744109178938
0,0.11642441608844897,0.2745201126103272,0.10645851332220234
0,0.6640262049795075,0.725594509131518,0.5712077701944909
0,0.5185584467874799,0.4620659399277895,0.40400311906605096
0,0.023756837736213714,0.14402681964420577,0.018220154116653536
1,0.22880678118635267,0.3341320979769567,0.2722766139951191
1,0.7711586954189803,0.7100512769449553,0.818730585349327
0,0.10250666896685424,0.2604879006441241,0.10303958410956686
0,0.06693156401970182,0.2395423276078681,0.0601256974898679
1,0.8033073796282999,0.6121219530414609,0.7337483674116828
1,0.4060939098140011,0.22350306212687898,0.26444941502303465
1,0.5353387323883578,0.7083822640978197,0.43966934623031817
0,0.1930897149714283,0.6520156820424262,0.24566121010087083
0,0.5446971912682959,0.2134117487248219,0.34344180581287287
1,0.304720037792685,0.38199734303135624,0.3078496181997456
1,0.6320275667173348,0.42042152210496603,0.5765611111438055
0,0.7145221350244638,0.38598648776032607,0.6858300415056376
1,0.5684015026337988,0.5119494643560051,0.5233205983281676
1,0.8602473959668099,0.7154160630423994,0.8295228292665997
1,0.7529835210474636,0.5713858003869848,0.7610115664122387
0,0.27803323254157564,0.3730988453653444,0.25058231343124626
0,0.2788966873559477,0.4973603681475087,0.3114224709914889
0,0.9367850705414357,0.8980747218923251,0.9531575088481369
1,0.8919214843889113,0.4185567097083147,0.8606561281486639
1,0.28748288917847076,0.5744277983994057,0.34049736064346114
0,0.43287652058990594,0.531017750405618,0.4017480017005805
0,0.3042108882893548,0.6740370008539744,0.443721235819882
1,0.8669834414254594,0.49098452798538184,0.8822131285484666
0,0.3656663635372777,0.5113831399532345,0.38612593131095446
0,0.4302833851869811,0.53351680230975,0.4700295847281811
0,0.36456993668449333,0.4302342221042371,0.30957464391855577
1,0.7698602914848652,0.5102673536951143,0.7465406098422032
0,0.49984734230198413,0.2876400199854671,0.4440010290024827
1,0.33757086350688764,0.6970169412126296,0.42078923403896284
1,0.8938628229519393,0.6051925439910572,0.8709090061707255
1,0.6611220117566833,0.6577765109377358,0.6804359334113362
1,0.604756723340951,0.35290467159983213,0.5733005371943986
0,0.6106595876998663,0.5651258340617705,0.5259752394048438
1,0.5974722801399426,0.5735466340594964,0.6213613090119837
0,0.8267752761535929,0.17955109641347458,0.7424741701004071
1,0.4128448924768527,0.6883564437350461,0.41993146356082617
0,0.12807088383480783,0.33283842678649345,0.11743447923406024
1,0.5798551711602533,0.5133676942794332,0.5747860004810299
0,0.6242980968038617,0.34000078092988145,0.5701312624690267
1,0.9761915623656428,0.8334622325999926,0.9574229653438631
0,0.5546390072325758,0.6493135709006892,0.5257587958139285
1,0.5086543817652573,0.35661213815615334,0.6366964925309329
1,0.9615964480543221,0.35455042331428943,0.9406158962307857
1,0.9901131426690646,0.7534821940623937,0.9872493583329802
1,0.3629289780071081,0.7605412038719932,0.2154654949193138
0,0.9871256869667852,0.9022144360316582,0.9455355388185276
0,0.7744419164424415,0.7000905692162459,0.8347723147236347
0,0.08375685223415406,0.4981715929931368,0.10104177907777002
1,0.8685410491063342,0.49829656338103295,0.8754050669459225
1,0.7722315772546797,0.49881482770604285,0.7585938670828279
1,0.9578875905163196,0.8272220721883156,0.9243926929765514
0,0.16119701857138982,0.29867486003641364,0.1483532696082438
1,0.8006175316702656,0.34785407866878315,0.6799533606181956
1,0.8861437461127945,0.8722488515088034,0.8869748061919406
1,0.5562866162528446,0.6493699682626817,0.5611902469492567
1,0.5877526042663701,0.6967514779475801,0.6965414520053436
1,0.7953016038910071,0.4564034653431047,0.7692737449325586
1,0.5119481625565092,0.5574830372201812,0.39994633203809976
0,0.5577285708829667,0.42141067155754913,0.5070151227507131
1,0.9239615100071387,0.8875799546360054,0.9188947494893468
1,0.7112850320609965,0.5928270019157663,0.6060962992229223
1,0.5856318095553251,0.5683809300948454,0.6472478934421237
0,0.2857685060190527,0.6122621100638391,0.25279906942937275
1,0.5137947458531648,0.3310938108987175,0.44119907726700186
0,0.09438368550112886,0.11528892926130936,0.050550887572783726
0,0.19674579510701395,0.464777942413791,0.17370463130670952
1,0.774267496858127,0.6839724358048257,0.7512191274543804
0,0.18288827337258565,0.3548541155293601,0.161104364139901
1,0.4839248822810235,0.49968838852705116,0.4975432226820984
1,0.5305279849541428,0.4483651551221039,0.41813530944300903
0,0.23102324962118206,0.35028493225246476,0.17485478611888608
1,0.796072775978446,0.38563188373818824,0.673998505755026
0,0.42907668306415014,0.5172950514639657,0.43740895718783324
0,0.7049988416727727,0.6036878495253066,0.6790929000305953
0,0.3066301748138215,0.4380524755449395,0.29665760954450554
0,0.16597070392961655,0.14848566690678583,0.09683661415915895
1,0.5766634985609013,0.665688564034924,0.699920544522084
1,0.6165500023119896,0.2711683994913169,0.42065741340638074
0,0.3807584928313066,0.35164270489597016,0.31939900777974134
0,0.30475258761846175,0.22662407585685462,0.21622900658317984
0,0.6607522038189586,0.3400854634884501,0.5203716251413477
1,0.8155733253512717,0.6911331702535594,0.8825729264400065
0,0.27009072759035085,0.223043249478948,0.17108848656669676
0,0.20564485873591565,0.38573396422826156,0.20172995884009726
1,0.9019437850777016,0.8352226694691446,0.9198142476976533
1,0.8550002636571398,0.8058332372003131,0.8687138780389454
1,0.8203642403048375,0.5486504246330979,0.8263981282328158
1,0.8558527714778593,0.8555100192001842,0.8549754560002198
0,0.4077971444905701,0.5732424472555888,0.3359008089206769
1,0.594426859624469,0.7137766890614683,0.604289643014441
0,0.4172380192341899,0.661585470806697,0.49312896301943665
1,0.7956959327593481,0.775449710019883,0.8769697306996634
0,0.3619195027863269,0.5494492227752357,0.36373368883045254
0,0.5363789895182894,0.5250391989424313,0.47254482707022666
1,0.5418821917942681,0.4142917487123058,0.4476547084168388
0,0.7635730404886647,0.5134383790162409,0.7457909734483686
0,0.40743669329974846,0.5232272543768377,0.45451671117379266
0,0.3882075909701767,0.5392974908559582,0.4213910457214216
0,0.4492458664362114,0.239329277797518,0.2949032215071421
0,0.33002677897084226,0.2699578836478111,0.20840162046007277
0,0.4254422124667488,0.49203616800183864,0.37188519757904237
1,0.7530423200368862,0.755431529215187,0.8031857407631556
0,0.2864338788780429,0.4948011296727299,0.3122522743167219
0,0.501629442450913,0.793341613294682,0.6099582159262864
0,0.550214537044713,0.5649220043694554,0.540109868728138
1,0.8087467455909575,0.6195048209889679,0.7598854904700106
1,0.6121294889548176,0.44046072814070325,0.5674295134026079
0,0.5249361958818154,0.6713795040766235,0.5531956486986872
0,0.6538338053020463,0.7634993630576009,0.7337673309947291
0,0.5123712192265154,0.6106658428652055,0.5696414242508001
0,0.21568906131716803,0.46201890858080924,0.26807568694705397
0,0.19845494958788804,0.2580270905732652,0.12989750525146776
1,0.800383635040268,0.6483876489199022,0.7504007251999861
1,0.8423152877226813,0.8798516601581442,0.9273866486147972
1,0.7282017300068023,0.41956190578325875,0.6523793551627699
1,0.44133093151330327,0.5624505332688949,0.45928815812023216
0,0.6421910420496606,0.5035413547390164,0.6552639714451801
1,0.7159745646549942,0.7276120117969224,0.78981803118094
0,0.594762087578438,0.5161524571488717,0.5554320611056996
1,0.5831757183165636,0.8391289815154113,0.7577761099021286
0,0.35716112195509414,0.353676710970313,0.25845329827603253
1,0.3610538367309112,0.6139123174087993,0.41408836181015
0,0.31588145994048167,0.3660501989770708,0.21864258270067888
0,0.13280329052270634,0.35692348116693356,0.08317517115763125
1,0.6375112644678935,0.5154672702984449,0.7136211815381296
1,0.2594781247714957,0.3267383173462436,0.23647075822983415
0,0.5600048650870565,0.7305160480069183,0.6692858360925689
0,0.0013052747976743104,0.09970174388451565,0.004982977669915898
0,0.5166570195784075,0.5273510713185807,0.6006691636081402
0,0.33201456081040953,0.3852414201510011,0.27013361622695925
1,0.6229970480179473,0.7047841942869134,0.6975192672515371
0,0.01170541118096435,0.09432588492734958,0.038784398937345
0,0.38083213124382675,0.38654364277953335,0.46534214926327583
1,0.7183148769866567,0.21067634270609834,0.5653504608717281
1,0.532385978332208,0.3156198575594417,0.4633346555769874
0,0.5417915546850735,0.2391754828819911,0.6373874452773421
0,0.11275643290152249,0.37224435469711564,0.18875514562135193
0,0.24628069627875618,0.5359438631178692,0.3334383070128192
0,0.5308774459724056,0.7068671874638505,0.608317230147857
0,0.6981007662992408,0.7393284253962631,0.7131564976636731
0,0.6668686577908916,0.6614537908900487,0.6209170759418737
0,0.7568760971017576,0.3733114459546054,0.6558873053140105
1,0.8146872667165803,0.8033826825280567,0.824436976626377
1,0.9207617185167332,0.674651651221992,0.8773719141253218
1,0.8141576865409249,0.45614817778230987,0.721158825700636
0,0.20695888561678907,0.600888220570091,0.23777122612975257
0,0.5074451940419934,0.6726490682213176,0.5398915010041068
1,0.09290011819770334,0.5704244247467396,0.1038382593764937
1,0.6247041183761043,0.6039189873110331,0.6416741332325309
0,0.3987513368715707,0.20314879094589094,0.22362680474532554
1,0.829162884556714,0.48071246037999726,0.8061612657194637
1,0.5313713325226991,0.2879925871700576,0.43825620259659614
1,0.7308233734251617,0.7379706638547419,0.7471208491380206
1,0.9885465808282621,0.8552540750238076,0.9656100787009501
0,0.043520826034239846,0.3889992482689277,0.1250847476669141
0,0.2036773227127999,0.704636059410574,0.17110469365866543
0,0.025248074862645124,0.21882595722523748,0.029315143992016738
1,0.990108322742235,0.858105900803573,0.9816759133577482
0,0.8180557923295375,0.6093147738151643,0.6953965238392842
0,0.18497047962365434,0.34207517817080996,0.18133851634594114
0,0.3005385210899046,0.6161321151633458,0.3421284931519745
0,0.033153425156967384,0.37452036411247536,0.03924296442576518
1,0.7151334681746074,0.7446663697459803,0.6471822274439436
1,0.9507025485763311,0.8002420678887424,0.9205397409403949
1,0.799797350281053,0.5837473016923698,0.8246168643640869
1,0.8547109933695147,0.7757711249300789,0.8448211066183704
0,0.5097969308630447,0.7321506433165588,0.582103395559262
1,0.29471583696704706,0.5479928326116117,0.2827163981468928
0,0.4429834060669104,0.5444314237717791,0.420891316140836
0,0.06600597693754501,0.12281278042396647,0.029891457382139712
1,0.7982631699282268,0.8286981690260936,0.7815987107837856
0,0.4740669722724851,0.24275887866120927,0.3142755011909563
1,0.615614680030402,0.5342558891534678,0.5988164348744089
1,0.5508597855905668,0.6885218071250405,0.5568119424653311
1,0.39041904305807795,0.2912583396156101,0.28422458412422646
1,0.8710819858582828,0.8252305024817042,0.8613678303485772
0,0.6707282729228228,0.5673858388576849,0.5726166752210142
0,0.597983496530412,0.3263614885333045,0.5344169560891463
1,0.3174436871519811,0.39317823209071195,0.292391535924359
0,0.08739168279759112,0.37517491437090605,0.07561732439053605
0,0.5918744183494776,0.6475481227083213,0.5408717869802646
0,0.5279729372128352,0.7621852364085036,0.6436039446525231
1,0.5161121350309605,0.7698374714858773,0.6109758854116969
1,0.6330094003776046,0.3545181693616553,0.519189652315375
0,0.49548986915880733,0.6498735563441561,0.5958210200236411
1,0.235799251857349,0.15897763210095436,0.13495475352096786
1,0.7585051969468961,0.6446369468500708,0.8127438627463357
0,0.5381620193306434,0.4073718602718379,0.43205440841605336
0,0.2246884841050838,0.2398588659935374,0.1387781117235409
1,0.6149056933364055,0.7192001892597758,0.7050061237444328
1,0.9924397995369905,0.8406604454390684,0.9839678941555954
0,0.10300073362201716,0.1893511755663246,0.05929589577538
0,0.6159384946432829,0.45025699353511695,0.5106980418470746
0,0.1896588629228761,0.3984384677253781,0.14418989279894476
0,0.3584066526577687,0.7118103821308213,0.43860426176818906
1,0.7214907348871201,0.6598173244808616,0.7680956209948722
1,0.6792322023817451,0.3537839558365566,0.5992725496732442
0,0.6071390811931682,0.769419596263892,0.6257701193292381
0,0.7801684338029401,0.6620842760301002,0.7783438145940232
1,0.6732819637655447,0.6374235285314364,0.6980877436980046
0,0.6077508245326859,0.5176756232135711,0.41197927308847515
1,0.8965504213625708,0.8383005409158664,0.8877396162500573
1,0.8565813418681016,0.5758475822739179,0.8697778654032252
1,0.6393071274787374,0.5733465106770088,0.633103081923925
1,0.6826931895530202,0.5394139845390931,0.6524889788622065
0,0.2762370958559253,0.3225730190996544,0.25241092048091807
0,0.4967637554471469,0.6881944010333629,0.5562286860347678
0,0.20464872482280916,0.25965102808041585,0.1814145580677245
0,0.5051909133489911,0.671364877152162,0.5759859746146653
1,0.5889439065892087,0.7956586394729104,0.680141636096952
1,0.7453220376325056,0.5722584826472841,0.7725136748870937
0,0.21907777935690884,0.6341008348183346,0.33172203633868963
0,0.40306176014227485,0.5941201828887656,0.41307531150184157
0,0.06794945472848125,0.338218394033866,0.053060848945502975
0,0.15549292744078255,0.13571187988726507,0.11315857688492317
1,0.749599408485415,0.5434317261779508,0.7771099877133497
0,0.03972258844624218,0.251894569426239,0.022100489437376934
0,0.9032401504305644,0.3888487485410177,0.7831680674570167
1,0.9687544765639033,0.8050991676855684,0.9518040543096089
1,0.7570536040524906,0.6444881294609673,0.6265539204375119
1,0.9060642559765958,0.4296124863823597,0.9177145819686269
0,0.421193624902967,0.671994197259992,0.26889370820647873
0,0.20904509838488142,0.3845247182592226,0.36885904295225413
1,0.8731196069049589,0.711742336265798,0.8846321602160676
1,0.7090235848365225,0.3848332897776246,0.6959789293599475
1,0.9894061310180491,0.7396245725256309,0.9800802118494556
0,0.036900805090180004,0.33787781666108835,0.05362306768570333
0,0.481217787866988,0.582890093612436,0.4777694562365331
1,0.9962606600731663,0.5623546283074954,0.9910049211543998
0,0.4359934323747125,0.6465695216930794,0.3579287505512926
1,0.894906181663758,0.4432492674665088,0.8621861056879891
0,0.037652425511720204,0.25528279416135496,0.022938964550258425
0,0.11071522244195138,0.31528148508933956,0.16477908031221686
0,0.10349040284055969,0.3011230103028711,0.07768135730185466
1,0.9295890606710918,0.8179573652286135,0.9472287944022248
0,0.14355297610733428,0.44089697939091677,0.11697881391884643
1,0.95871380687839,0.6861597825470134,0.9280986181835295
1,0.21646161234145017,0.2982320661359442,0.20574042034786105
0,0.3677859601323299,0.4978753292221645,0.3009021675909928
1,0.46755107137150576,0.5154015107196777,0.5243747252917398
1,0.14138663104451688,0.4363266113261557,0.15560039383821128
1,0.9847084653851609,0.8307568967384505,0.9826004326441021
0,0.981272850248926,0.6034820280433295,0.9517167485684214
1,0.3743878455004478,0.6424073770752119,0.2637867720745108
0,0.04589896665282304,0.3908415004580922,0.041018498996621355
0,0.3992355934492194,0.5205523681608705,0.36741159972252424
1,0.9546438910010937,0.7764579142626382,0.9617532823331818
1,0.736473709079081,0.7187779343093197,0.7577989596297603
0,0.38560938949381424,0.4272913294747249,0.35605619541447886
1,0.7724889623733416,0.759044770072116,0.7650390317119966
0,0.15397944070132066,0.31243207656236494,0.11230920481370514
0,0.5006491445846545,0.4351429861148901,0.5681785551560219
0,0.3200252080801775,0.3623501266235147,0.26659266612858834
1,0.2429993017983334,0.4745401591690914,0.23393166569206814
0,0.566730682514559,0.22772246489007264,0.321426603922102
0,0.04782092741525682,0.15056338512332204,0.03518951232674113
1,0.7929719904211853,0.4753156505116532,0.7997847615725849
1,0.7545108805424913,0.7576962829499176,0.8087723088547523
0,0.05435718525146982,0.18346554363749926,0.03048943457616248
0,0.13020063501925405,0.18442781097134262,0.07704107756907216
1,0.4258435100318214,0.5985092618004904,0.47174463979127895
1,0.47162507274173193,0.43774591688438774,0.52872124897213
1,0.7265578462247153,0.7192191489111136,0.7101761080177666
1,0.8369173609985362,0.6145755022578329,0.8139344993314803
1,0.5326062616014,0.764572700179179,0.6280771936607611
1,0.9362602033220633,0.8177083497241269,0.9067187103609045
0,0.4613118122099515,0.48847925909182094,0.4384444742051118
1,0.666651637141547,0.8300003860750143,0.661043775895598
0,0.34793113964615574,0.3684023751731474,0.24436598578809945
0,0.6016452498853837,0.29072361189948415,0.46403012892443546
0,0.39135433149663246,0.32159755894500475,0.31596524219914074
1,0.14157342564950606,0.19690144080965477,0.11784184792965904
1,0.8156318382994059,0.5134883089726606,0.7484708700840144
1,0.6858182551996077,0.6425724095751296,0.6393479175411045
1,0.8209291560255566,0.5106624995924006,0.7214718724058334
0,0.622232506624086,0.7792470373091726,0.4828752606622209
1,0.922898545091715,0.6909914045007515,0.9301006075376007
1,0.6516165559946088,0.528561637119225,0.5913852481428039
0,0.3212936028941478,0.23937606251424523,0.25545425098565394
0,0.06311215071313683,0.11741144305430641,0.05268587247527529
1,0.8912622637451291,0.6762839764828499,0.864422565964724
1,0.5398281796333884,0.5417043862793274,0.4429251229228191
0,0.38967239564839146,0.5529210486940187,0.4621497670334129
1,0.4784627035059785,0.5137688550795417,0.4691519049420901
0,0.4282132060844148,0.3751504972455075,0.317268193296604
0,0.5942961564481608,0.601246046334681,0.6148908313017433
0,0.3419759184626003,0.25599247265277897,0.21607510590825993
1,0.5090374633399486,0.49115356748990163,0.5263633824228251
1,0.7198911866903343,0.537986889802382,0.7062780597597258
0,0.1499423543230365,0.07462299325500746,0.11249421703093339
1,0.8444418766864731,0.7958802333301187,0.8981039514533846
1,0.9598194187629365,0.7343881641334526,0.9317241931086607
1,0.6376895960237724,0.676187207135585,0.6457694661706762
1,0.46678387722035636,0.3979695573059364,0.44203146269612903
1,0.26722039209520954,0.5564257195657049,0.3443824855292814
0,0.4095320593970411,0.27603855969578456,0.2584817911226697
0,0.5054218090488156,0.39295815675271123,0.39522044838358705
0,0.21446643023968984,0.21431971087458984,0.1966915494742508
0,0.025277648285387925,0.21430570543089916,0.020045824295406113
1,0.9526670203726086,0.8600247427215754,0.9700486123539149
0,0.35875712371658747,0.14845401025295185,0.21346253561048326
0,0.33801435368023147,0.3133817720539631,0.3504820236992067
0,0.32470426270455305,0.5692769324547269,0.31125670390347243
1,0.7351367321318163,0.7339894340426492,0.7775285786124679
1,0.6730225485915868,0.7395011713532377,0.710727948979666
1,0.8512632270604086,0.5213759388633012,0.8336526321748061
0,0.2735140555038146,0.2005276938185631,0.1846893768426644
0,0.4460064667540947,0.5671697512123043,0.483900679803893
1,0.31120106374083695,0.32242160700707845,0.25526789262931454
1,0.8409345139229973,0.38740625585397287,0.7661986247504514
0,0.5330549425682987,0.3756879007400975,0.4321477923128645
0,0.2338353850166012,0.19261936632866428,0.12146213795739598
1,0.5285054363439811,0.4845266852882906,0.6551469455099811
0,0.6687709230581725,0.5942944697396355,0.7231275661119821
1,0.9337044233999849,0.8684220138902938,0.9606396736565781
0,0.0013501822452289872,0.11205877248299198,0.004002977887064351
0,0.2081783390238539,0.5235228251678025,0.17016455149979084
0,0.8927311864363338,0.5751008103015973,0.9004577972371403
1,0.21811118615115754,0.31309211508122925,0.2459382219177844
1,0.9867575253125573,0.7868299182974267,0.9782747439505401
0,0.062961883786911,0.5385264699069728,0.05294775555686656
1,0.16156210528324202,0.5863267773391437,0.19303264052888258
1,0.26440482763984174,0.38554221296226826,0.2570673949015741
1,0.7875371007500555,0.7075608416056963,0.7533750865327079
0,0.527515307478995,0.5107884476331914,0.4805154958485475
1,0.9329647052249896,0.7622314202007813,0.9186419200483706
1,0.6960828838825802,0.5212231250792374,0.6417176101516766
0,0.13686651454305468,0.15537584502133422,0.08721814337394031
1,0.4442962488070142,0.6703988570485723,0.5528140049787172
0,0.36959518252958434,0.6809597620937611,0.3585936606231012
0,0.37266556234718123,0.5393041230667514,0.37205729825280304
0,0.11299954853434334,0.3389830389304888,0.11189920748242922
1,0.8304971148461097,0.6530425253268104,0.8307788162646521
1,0.5496950166030237,0.6155946909782223,0.5966975906744681
0,0.38268926919212404,0.4674361464416062,0.40659305647121663
1,0.24934002563654376,0.47123542819673336,0.28287741879969797
1,0.8745988775568518,0.8049793348436782,0.9260747988753579
1,0.7357671717009552,0.8258914761555636,0.7607986934916529
1,0.8243361726971286,0.5574083697388079,0.7720739585869042
1,0.11512198836924888,0.5818951804307883,0.11674621845114856
1,0.6970812461237229,0.5004797469124084,0.719207323422735
1,0.33886391908884356,0.5492774894346146,0.2694787349967848
0,0.0626446859317439,0.239164068679428,0.08600248664683816
0,0.04939647209619314,0.16748228563685214,0.03394228924771934
1,0.8320907699570933,0.6361517277100669,0.8050088168683345
1,0.3055480744101131,0.38230918045927864,0.1983476512011641
1,0.9993022432447176,0.8275288016436411,0.9965763309347586
0,0.6372686055567729,0.6883962902159603,0.6031564829356539
1,0.8856254295887448,0.7526834156008213,0.8868491509329407
1,0.9820265605495228,0.8642815197976821,0.9714727621759388
0,0.47858572766365104,0.7877243630699294,0.6977696130471722
0,0.31407069921443276,0.314235852400566,0.22500542447739544
1,0.820601163172254,0.3782917510117321,0.7531019998505402
0,0.1077744774654719,0.16766774746735136,0.054766498398971325
0,0.4545239791064135,0.5811416679164757,0.37242701040358483
1,0.508193301629278,0.503324767619169,0.47059075952018636
0,0.682842822671505,0.28319956365670285,0.5054390122879145
1,0.6677897144364426,0.6435229065572766,0.669271749448347
1,0.9663127904278276,0.817327353499991,0.973794118424263
0,0.403931727245621,0.4208862585118459,0.32715573437814394
1,0.6948902057979292,0.4184099368926244,0.6431655501409601
0,0.43115837630870785,0.5726496569348191,0.5059538367715682
0,0.4173350964361572,0.17630076563353006,0.2396314931283235
0,0.6438650171774872,0.2442127852561948,0.5218876412938256
0,0.48644992103075196,0.711664004294587,0.649083864752952
0,0.4125101623267909,0.38997861950628837,0.36277672175194886
1,0.7225937464586717,0.8344383014744842,0.8440449581803344
1,0.4858540845658141,0.18178942423463013,0.23504856959626597
1,0.6319905805354508,0.5577031502331099,0.5856398475630237
0,0.42374668254250697,0.22234880254206832,0.26169935828061386
1,0.4199161399220217,0.41459642023365495,0.3733207856666578
0,0.26071952919457553,0.19938411575155135,0.11713105625022985
1,0.5409177390410735,0.560735377808711,0.5440071059464318
1,0.834224223491179,0.6758920970197562,0.8393856296828446
1,0.40012701169169396,0.6305718437298169,0.4347579930963959
0,0.13972095778750337,0.1213469583152335,0.047129434475843786
1,0.5353333576800374,0.6144189186284041,0.579985957916528
0,0.5207747660820217,0.7463595755703735,0.6320606909302106
1,0.7436066540174533,0.8913194957456232,0.8921067980724773
0,0.6159693055925337,0.22424157016867882,0.5235638301059621
0,0.38686735761439206,0.4491805343912958,0.42500283616763185
1,0.5727109320086714,0.47941753040268786,0.5351426708393193
1,0.6670159442006268,0.6261156994740475,0.608949185387509
1,0.3749967892453684,0.3938824934583147,0.3675917079571934
0,0.5298351797491764,0.4048644075617542,0.45781537604550104
0,0.6094525940322132,0.5145874066767027,0.6442534504398437
1,0.6930075270688674,0.7290175964173157,0.7192350719774628
0,0.24852833447801662,0.15052105894423712,0.12137390204954046
0,0.4687746402862756,0.22751628362812937,0.214486297022283
1,0.5715800896208608,0.5466123478546862,0.6406372458351002
0,0.1515601266267457,0.1581496778391168,0.05584661076258426
1,0.7927813144869014,0.8098208456927596,0.9059245465883798
0,0.4039826276260641,0.15286072467450285,0.15717934523189417
1,0.8348251910132759,0.7952352508834929,0.8840563698129337
0,0.3408209329712558,0.2546570426310983,0.21167408130886559
1,0.6212075344661746,0.689280578290913,0.673429491864669
1,0.47173664945973154,0.6452743154978982,0.49780616009805817
0,0.4660706216694751,0.33486413118848546,0.3691714226648955
0,0.4039464474093722,0.3690702544160964,0.3975539243001179
0,0.49943253676215726,0.6273021521947415,0.5100709266279123
1,0.5188393220146448,0.4389648434033988,0.48275350779750986
0,0.5186033561094606,0.5792666776281125,0.5822506131155302
1,0.5843026651405047,0.6033381969395474,0.5769061111373626
1,0.49664793440105,0.3910849043396743,0.3834830784842321
1,0.4721050714719469,0.47227709885524455,0.398586967151866
1,0.6845306467441974,0.8485738498513156,0.8366950645128167
1,0.39706684134409065,0.4353089610486802,0.3887180031962491
0,0.2744025285335913,0.27751758833580803,0.17548106200016436
0,0.4711992072457497,0.21513812807118696,0.2871275219681387
1,0.6263900037668146,0.5691744482893267,0.690159547332867
1,0.6081875175567244,0.7602642057666452,0.7101074572725677
0,0.5866884509289026,0.7132593640262143,0.6154243194944914
1,0.5737690624578109,0.48234756542507234,0.5029730945667078
1,0.6602722421106255,0.8304962804060466,0.863422577122529
0,0.4028247247139644,0.30521125767642293,0.3068218945185391
1,0.7073904760216132,0.6430132822019867,0.7453443461991857
0,0.13885376624190826,0.19426273782857711,0.10630725883037967
1,0.5517028333053897,0.592770767313177,0.6302523987282701
1,0.33587178972296955,0.14385189288159222,0.2658156322707837
1,0.7249960848708492,0.7873721968330469,0.8122288016818147
0,0.5474839757486101,0.4411677135951279,0.40254169759774494
0,0.514538072476591,0.4580109265220805,0.4513616608554658
0,0.3778177459547076,0.6131647214550936,0.41897577027765215
0,0.5571424577261918,0.7501978084176075,0.7102325016531157
0,0.6476760620462853,0.8167240338606756,0.758230512377649
0,0.6128781928741086,0.6876650189870416,0.7177778394370348
1,0.5469775827055917,0.6581241611735261,0.6459271671983631
1,0.5876292364261023,0.656884977607579,0.6469816180866936
0,0.29464259079201893,0.41077365217585154,0.26758987479677354
1,0.45121683626116205,0.5924718180889259,0.46153641965480907
1,0.5919619119739092,0.5926109734679146,0.6964935532993801
1,0.7032069426397239,0.6134330190503187,0.6920975244646661
0,0.31185601533693824,0.3972302223666084,0.2762743107200382
1,0.5251618235218856,0.6483573091774714,0.5587967454657253
0,0.540431829380326,0.43992356222819734,0.4759552302667459
0,0.2789009734924776,0.26208541943995683,0.1589925229945888
1,0.4665769557055216,0.7216317529357111,0.5778997557369401
1,0.41122178973339185,0.5988191316453267,0.4588176311109402
1,0.5153739101385059,0.2630686905957396,0.2720580250220498
1,0.4738839834256837,0.6645320522424358,0.5476311651397897
1,0.43336197109930263,0.770893109369197,0.5893542119950628
0,0.5402668632846137,0.2516566057710605,0.3635333754014844
0,0.4667965928730834,0.606129798877699,0.566783242583521
1,0.5024839922056448,0.6566722134784174,0.5760721441748281
0,0.4949496892037368,0.3596690298892982,0.3242677254184223
0,0.46620788150079956,0.1981463748717845,0.3610888799237726
0,0.46456731051536687,0.6231711524309856,0.52843081038619
1,0.7414575245335198,0.5913590800270613,0.7043779912019832
0,0.398125464585375,0.3692438928280102,0.29673648341132985
0,0.3221729270321211,0.1614541507487663,0.13508319964100227
0,0.6877296126868493,0.558689019483988,0.6447211687895639
1,0.6010589364868038,0.6360157514234372,0.5999497337113866
0,0.0017962945965104974,0.0908595620063194,0.002860115348250775
0,0.3553172132135725,0.10087795058260367,0.4469896149990241
1,0.9032728699306166,0.7859139431751033,0.8043483148532032
1,0.9619390407784103,0.838827347473184,0.9680241239784949
0,0.27045932282144786,0.5507522808638787,0.22594514380965094
1,0.7232624499701489,0.7781680357444581,0.8020628956589891
1,0.8954897827179066,0.6432618157460824,0.8733924122210813
0,0.49397753926441346,0.6374001988923451,0.4687167499217608
1,0.6717174249064211,0.7624428669148094,0.7418826622118568
1,0.7265656563629416,0.7105323417261069,0.7877194668117327
1,0.37825962393630147,0.3710101640532682,0.2750957531137339
0,0.3997606198403717,0.2557076913513567,0.19335351719880223
1,0.7221376703034932,0.6058835030984868,0.6170538050401994
1,0.19775180040924495,0.13625980465514143,0.0995226823108629
1,0.5434257474948435,0.42753724441392754,0.4719795988577829
0,0.8945459796634974,0.22960704357011477,0.7885734293771562
0,0.33588239986052215,0.322168405875388,0.3067893961302978
1,0.7908420372741986,0.6443934987938011,0.7491888429770885
0,0.4321496791873907,0.7362307747631706,0.6065881488432494
1,0.818629926651936,0.6691647976259637,0.8107386810310088
0,0.5266049171629245,0.6890424927050038,0.6286500815577869
0,0.38090670302089946,0.2284949343489238,0.29550250881358975
0,0.3895452841203398,0.3251430985970072,0.2539072614898753
1,0.37829631557083876,0.6382065907132786,0.4566765789849016
0,0.5294095886387367,0.6512156636484292,0.5738129063334138
0,0.4423034654632206,0.40079509491818666,0.3185864854916133
1,0.7949980356805769,0.32821296270532613,0.7087036128588583
0,0.47943157739564635,0.30709903467737554,0.4430278760764709
0,0.4215845938493231,0.3570600126578412,0.276505855428312
1,0.6567560318319045,0.7687043654039275,0.7383973931163207
1,0.5450540442450235,0.42609074892433735,0.37977890782137197
0,0.42305983518654855,0.36241698211292867,0.38084855036875737
0,0.8390341213136788,0.7934213857680039,0.9032911747638225
1,0.5102888460877103,0.1902651195424515,0.4023897879018724
0,0.0741261706501895,0.20919397636724954,0.06553431887596209
1,0.5406328596941196,0.6612880108777147,0.6070956339234137
1,0.6059401079275609,0.6464500799866134,0.5812697537299566
1,0.555768448699627,0.5861205503141491,0.5570714885693602
0,0.39778283486794863,0.08640410827523462,0.2747027595155715
1,0.7339592119711702,0.6117041491347717,0.7731232155942245
1,0.5912316206249657,0.5730451605957333,0.5463848102223199
0,0.29029090864027696,0.38781537179827047,0.24636600552289986
0,0.45181763644448397,0.4114734871284395,0.39798057951487137
0,0.3070272002576617,0.5705674804419172,0.36219934922579256
1,0.5015007426071345,0.7839947434805837,0.7150483090134001
1,0.5487171312401435,0.2876836089922941,0.4543021753259858
0,0.39256242359963317,0.3509169184500484,0.3001832431700067
0,0.7625908684304518,0.7417148533723364,0.818591460239815
0,0.45641801855872915,0.20553444634121465,0.26511629316670715
1,0.6840490226089917,0.7419104606621924,0.7968114006901977
1,0.9849698718563566,0.8144345999294089,0.9819685331761496
0,0.4254027618186194,0.4493425517220127,0.32423059951426697
1,0.6839326294414475,0.6001199377404031,0.6762158388413282
1,0.9602129188132273,0.8978728006647294,0.9478021964618717
1,0.5480584966928422,0.45551330047922056,0.5482863961794344
0,0.12963674974894146,0.2586184055464005,0.09131768842965036
1,0.6569821756835683,0.6778010174469529,0.6190708986399474
1,0.2346165431425259,0.1503213669076332,0.11794814318388222
1,0.43582207080908836,0.47799276664120677,0.3724177627621086
1,0.5816034426505019,0.424620328065721,0.5832990627919541
0,0.23673812821070397,0.23507383757492073,0.13290978775793832
1,0.9369492130523565,0.7263166348285398,0.9188929701076695
0,0.6704590275319806,0.3723007101480213,0.5864470418867149
0,0.3232012386077463,0.43589852512169885,0.29100680193223144
1,0.7105054791306282,0.45214555861165945,0.7372901923942926
0,0.5754278030799025,0.5016916739192108,0.5380789515722427
0,0.3239045679379605,0.5165819714787302,0.3682214936196845
1,0.6950262081915426,0.5999787572820836,0.6473623332660837
1,0.8218507934445155,0.6728866885430193,0.8507428396621598
1,0.46901967847463694,0.35211237869018963,0.3471863024492472
0,0.48290825917652697,0.3773619116756713,0.46130620531955335
0,0.4200583040941498,0.46736457486803623,0.443429704315118
0,0.6674163432793202,0.5590469914100122,0.6336323566764628
1,0.45937422332899797,0.211701911620973,0.23614300103977262
0,0.5326333617837621,0.5643242069081168,0.5627177089716705
0,0.1807712556954321,0.30347550882655805,0.11596708934372213
1,0.8233279919544666,0.6420305745993621,0.7784932205412313
0,0.31918365318741226,0.29652385668213005,0.3057425822027778
0,0.4775324290741839,0.5239057536990059,0.44917227127839987
1,0.7818806867084305,0.18933157621609406,0.5552901437785388
0,0.07999043040292554,0.12953043973295172,0.05916143276513343
1,0.8540922310061987,0.8800425317194857,0.9025354368785334
0,0.8391306815259236,0.7434079554883286,0.8583800849693318
1,0.3047787120341989,0.604929277600702,0.35009155699929306
0,0.31573919103635734,0.3463544196126828,0.300450185066393
0,0.004894395920345518,0.50412385684455,0.007883023316272171
1,0.011753418657260992,0.3350295831976249,0.0148669122973414
1,0.35571145609990384,0.3343424501974531,0.3194042713631794
1,0.39843497424948915,0.337634205610823,0.3240987523067401
1,0.6648045513462489,0.20314098433533945,0.6701520503835005
1,0.685377492589749,0.6684038371702138,0.6229725868438752
0,0.34409478238460656,0.5569405296778803,0.3460921672708466
1,0.8485975510575867,0.6544014143073258,0.8340146896104906
1,0.6548790736619797,0.6305175985190898,0.5789106874284359
0,0.08138786675715645,0.2826413576789527,0.07941203849689926
1,0.20094254963853955,0.44641840070509037,0.24160156362533922
0,0.06928370030982492,0.31495226434794904,0.08939529700864096
1,0.436476052558385,0.7222754479485357,0.43503769760858524
1,0.23482904258525436,0.3720683463139566,0.2406435469565753
0,0.041808749994971695,0.20967184539230932,0.0323804544099386
0,0.9639743178555504,0.5939451190023846,0.9498663916838188
1,0.709867911081353,0.35306790783040976,0.6815867318135783
1,0.9461144904823593,0.7998956913068725,0.9554158150177836
0,0.40290861410646106,0.6897934803697889,0.4899318924802115
0,0.13493518571343807,0.5821515521734948,0.22487158225526574
0,0.5499200751002834,0.5827969454097387,0.5680121077258437
1,0.830647984970488,0.4916307511209418,0.8687189997932662
1,0.6434603740062607,0.5460435886850131,0.6472823212769617
1,0.3423301513692751,0.38512426303068364,0.2765367612511787
0,0.9482776348766083,0.8912067294175311,0.9429045283206576
0,0.5641554463352858,0.3924920738928597,0.4939762604394082
0,0.5500318951176315,0.5483705211327423,0.6318618617990139
0,0.45283913953876687,0.5633066614801625,0.5105369371828328
1,0.7330487117230317,0.5414839223464314,0.6936151519298626
1,0.5446688647013325,0.6213125512051505,0.677529986347509
1,0.8210159498498087,0.679320243899658,0.8545174316107766
1,0.746283125765368,0.748603917293473,0.7076804612769596
1,0.9408913636230735,0.7987462287513077,0.8633038529852525
0,0.5722063338898159,0.5277248322169127,0.521490009976378
0,0.6341626974097879,0.2083141632984346,0.5406455808652495
1,0.5996280919475392,0.3950331490240101,0.4099750568251467
0,0.03538030282175339,0.16780728848120632,0.027142256964301465
0,0.5773665238169373,0.6201169653486003,0.5948445625703809
0,0.101381208103881,0.19257471105295365,0.08488996595599198
1,0.7377541279435639,0.6553906554387539,0.7605811279492705
1,0.014965278237964537,0.23451461179396743,0.01732848975301741
0,0.5686084718410043,0.4781131139110738,0.5875932606813958
1,0.9845545543135001,0.7654908285158045,0.9764685527113791
1,0.7647976638744168,0.8413224675577835,0.788882547128033
1,0.7579276673932881,0.8335388918166982,0.8182874380682429
0,0.1504150196454788,0.28295017487051105,0.1410291851854113
1,0.8732914359711851,0.7928355251295339,0.8559222852608123
0,0.15647196190992066,0.38595078889504997,0.17042270448862096
0,0.09135314660283445,0.2783705744915042,0.08333994308739133
0,0.563709943867312,0.6234708008316157,0.6751704014793757
0,0.019541751512731565,0.17361643841777671,0.017444243079444192
1,0.8209997329960701,0.8378562601888805,0.9204856133294635
1,0.9609870696697247,0.7798404804812084,0.9755883769562578
0,0.1293696094928591,0.38347481375142944,0.09406220945010448
0,0.6590412197259308,0.5508179358764848,0.6204318963239638
1,0.8357162717642184,0.7147199104947318,0.9193676627604853
1,0.9999999999990847,0.8091497540793212,0.9999999999995195
0,0.12363145257600401,0.39254734423363485,0.21035193255437457
1,0.9713376264973758,0.8404121765030663,0.8833679745087241
0,0.06787769532767363,0.13812282383579835,0.12462203918177446
0,0.07792177881208441,0.188376424755739,0.10117004393588531
1,0.9886561753908311,0.7555942940319164,0.9739094114493793
1,0.8452612077797452,0.42386162728482984,0.7798683480733385
1,0.4553579127310244,0.6491202748666028,0.47813361690791967
1,0.60152381083596,0.5514814960332012,0.3877592901017295
1,0.8218433989232123,0.7274658696330085,0.7820999136952261
1,0.46481693968018917,0.4639152407785107,0.417238282844316
1,0.8750984164661703,0.2776906230875763,0.7568457706059072
1,0.6805160473508024,0.6716177017490019,0.5025177734450837
0,0.1516305040344305,0.6829164535823035,0.08763144506154588
1,0.5632557745760576,0.6049604377937531,0.640783673683399
1,0.05174786009661792,0.3988523338966369,0.12687322507145474
0,0.8853949441751345,0.764074576876922,0.8648153907794356
0,0.01015456683074032,0.21585456463226904,0.013562602041088013
0,0.3442194295763714,0.5691402001097411,0.43950357745163876
0,0.9066645275826415,0.5546694224483858,0.8893949607068193
1,0.7919209314552684,0.7835775336348683,0.8264198100164986
0,0.021312801885584695,0.21938389625601964,0.02703936300604212
1,0.9646775342992009,0.616688171952652,0.9439396951202191
1,0.9362266347779222,0.8579691735326849,0.9124349431031366
1,0.7592101688762485,0.5146426112845564,0.7224275830836125
0,0.07986292559661905,0.4116446790535706,0.06376464664062267
1,0.9987297524510754,0.7364766044550547,0.9967814314234452
1,0.7129123228044048,0.6494424358647845,0.661566902099187
0,0.6773970560180472,0.6536019722186714,0.703554401194563
0,0.5944242952203986,0.5402955840334348,0.46687354936818243
1,0.9385446372211759,0.8006352369074976,0.9238980770676424
1,0.7574530834926194,0.6633107733697743,0.8062765500904612
0,0.8009938864447307,0.4000456576757855,0.7749707433069406
1,0.48618890999209863,0.33802018986043314,0.4452543935327847
0,0.3201203999237288,0.445244574025373,0.27703783162503004
0,0.20378333652951958,0.5286327917073691,0.19946252047759083
1,0.2552387663187404,0.22653098926621132,0.16075061397572285
1,0.32350833719335004,0.47450755322296967,0.2959551298889037
1,0.8249036736718053,0.6942851568350432,0.8528615903155128
0,0.2983012012180877,0.48133708525584856,0.2791950944740721
0,0.47470792254630284,0.7674194811459448,0.6062354360228155
1,0.542279018774523,0.751356764682489,0.6788404891197687
1,0.7758177796413169,0.7052101025434259,0.7872155165155069
0,0.47207352740846853,0.3681666157330373,0.4045073643590846
0,0.04576675380247867,0.2191490382148688,0.0703021811669822
0,0.4161442988239705,0.2391670952145946,0.3388552623219131
1,0.43274209640496225,0.15466205131404012,0.2709149905640291
1,0.44846475398171737,0.5962139824090785,0.4865110897937635
0,0.35421618760395085,0.3059533618362751,0.2627907315240488
1,0.1430709453716692,0.3649075374794415,0.11454713969380025
1,0.3283741848129644,0.34149997912839547,0.3143101376740865
1,0.5984823480430264,0.5535052730788844,0.6595966489840044
0,0.4679461873278429,0.7452717188820019,0.5014840835066771
0,0.37851520563640534,0.170626477045114,0.2805588670122462
0,0.3291787858564443,0.21022997096896098,0.287095221430002
1,0.7799893474975581,0.7358923084421757,0.7639320748150231
0,0.42046922352763094,0.32324433456299256,0.391816436690572
1,0.92411852580184,0.5085331394666923,0.8921437480837012
0,0.5102596010019816,0.29767806854729756,0.39617195341983996
1,0.7827515355200972,0.7412587598286127,0.8013780227733516
0,0.7675912139840622,0.688804830293811,0.7310368556879515
1,0.7569518621204532,0.39551164174825504,0.7102831557277832
1,0.8024144784750639,0.6121907656672356,0.8644677012258972
0,0.40536931013187355,0.6838023040302377,0.4109524772226695
1,0.6893878093371212,0.38806760418982095,0.6177478715294987
1,0.6191913165887375,0.5504563255971858,0.5645730657512296
0,0.22492570601698805,0.23985627275640528,0.13378637351488437
1,0.531153727668097,0.6542912978688514,0.6060210749399113
1,0.8432985098569623,0.6406865332428635,0.8852846794272502
0,0.4078036547008681,0.37114630605129795,0.29637481517660186
0,0.10713724496477692,0.12392991642613528,0.05837577469865837
1,0.33944813153535747,0.49249647088702386,0.3302101960731169
0,0.06912608798819841,0.18065145378665995,0.04832403088833571
0,0.7844199929403787,0.5107973015717301,0.5853625191285334
1,0.7347173271107561,0.5874547204349281,0.7776256270914091
0,0.4370364153590308,0.5894858042252946,0.429647493578092
1,0.8841295274360877,0.6854470031716419,0.8851067528536526
1,0.7240816535222767,0.7621017585395411,0.8260189673139973
1,0.8378534155018498,0.8936009384103772,0.9103386013932662
1,0.5237171777665092,0.5645399532581078,0.536818496141379
1,0.7144448579801514,0.523263019310153,0.7154033158392796
1,0.7973575864062707,0.6431168649689322,0.8052202840574316
0,0.43654476467744785,0.33509658595084274,0.3060766874045971
1,0.7791257469634644,0.39128139478339563,0.7507286078169615
0,0.2536741647281212,0.27988669566125346,0.1981849984083292
0,0.03282353814939126,0.22586211293690933,0.030314416243666386
1,0.7592522356947099,0.7403633915396649,0.8163241941973844
0,0.27193892431849465,0.6465559302246086,0.38461890022836964
0,0.8039050173307244,0.7096102992546232,0.8392235761316885
1,0.8871667278274128,0.7123753254179578,0.8825265418801688
1,0.7573199122114429,0.6946343389659921,0.8109382619857983
1,0.4749698978111842,0.4074447823442397,0.39164288402057684
0,0.30724241723814305,0.21286849883806416,0.2032112842401002
0,0.35070447722551357,0.25100357292530817,0.24594773673949952
1,0.6808418678497791,0.6484447092188039,0.7297134683852198
1,0.45753433032699903,0.2644235882970772,0.347579221064882
0,0.05744407862291351,0.15407505994188478,0.05952493919169937
0,0.210445932071924,0.21642725897788237,0.20510197370047026
1,0.8112196683862847,0.6307482306033088,0.80578191289678
0,0.6088889154708693,0.710314452721596,0.6501450263236902
0,0.13818051245149526,0.22397695354115693,0.10094391149272396
0,0.5330214810353163,0.5576640670180674,0.5150847880213009
0,0.16976351547415658,0.24106489249244328,0.21229021648182506
1,0.6375764095036864,0.5543106633152654,0.657715264831332
0,0.7641310009196316,0.7986656489519495,0.8289411329378098
0,0.03686151171259415,0.27297673387708465,0.04016545706044614
0,0.8009055204990058,0.7344566541999087,0.7394790785764672
0,0.1150510965335252,0.6464447425430534,0.20554451089448644
0,0.9148832217552869,0.8597111700416147,0.9106099630559382
1,0.7748609817257648,0.47182906318947704,0.6947566727311161
0,0.8310811816031323,0.6549348175114703,0.799944600608075
1,0.046188770015152175,0.26435623227458743,0.06010607249403647
1,0.8839004124589376,0.75403592375079,0.8991233662605832
1,0.6665910692259763,0.6236811273040612,0.768212875786125
0,0.1540938440576726,0.168689253842591,0.16039108728428908
0,0.7226510763502263,0.3927643439699548,0.6576485249163454
1,0.32771369176895077,0.451834025575242,0.32442434453016505
0,0.5313641007192488,0.7706257042690917,0.6624081049705202
0,0.22172728417318546,0.3377056470393908,0.32899487197647903
0,0.5370958407496479,0.6879123523193916,0.6424121531557248
0,0.016687651897769943,0.5007984367452244,0.024441503714452716
0,0.4300941970686916,0.40342173891230565,0.4599639626621745
0,0.4371523897735511,0.5710739261685183,0.5442143107716605
1,0.5463079975177937,0.5756178913512902,0.5961839182718476
1,0.7410795749983186,0.47485233122498566,0.6503557140939377
1,0.7650350530558975,0.36921275069369014,0.7044896572457023
1,0.9153884494825727,0.7289958719783818,0.9178749221258201
0,0.3675634665128352,0.3508198782645734,0.3478094332906627
1,0.7263937027760881,0.8150043059938188,0.7643085143217883
0,0.48383446480032755,0.5130023713908808,0.4812487702061087
0,0.0893158850993454,0.3167908599543571,0.09561137165632425
0,0.16496787879048183,0.2024495978459292,0.1216987228261549
1,0.4620024753166512,0.6697571120842215,0.5610956738370791
1,0.9943015541762553,0.7434810706932975,0.9959981655479377
1,0.7315517245566849,0.8394517995844565,0.80945720772377
1,0.5816369918084254,0.2492552509102429,0.465927319534976
0,0.8307366361707208,0.7155135543524415,0.8605178711635657
1,0.40328014036106874,0.5366043142962066,0.4498810975897448
1,0.7600889739320197,0.6278521862733804,0.7273400579944205
1,0.5932379378768156,0.548237150109329,0.540612687467255
1,0.5744238047372928,0.32702347356105765,0.547036111238933
0,0.1364042641264368,0.27965966784385077,0.11909386213781703
0,0.2545319400452969,0.46098847113989594,0.2501667265684048
1,0.725514713971775,0.4951717011529575,0.6599413923651304
1,0.49869638499256147,0.29588200228085487,0.3887929613751657
1,0.42247646381235926,0.4894552346404219,0.40921434084357394
0,0.5381149693478159,0.6369432478781171,0.5884240967892791
0,0.2443049000025228,0.2793677065829845,0.19284062968024696
1,0.6949370355609,0.509843668146249,0.7027995741650447
0,0.15998271750928766,0.2278552352095541,0.12416653445037856
1,0.930166041091839,0.7721986450889821,0.9378061365604807
0,0.2099884019615005,0.5884246469530664,0.24294347609628295
0,0.4857762313773237,0.4287483842561713,0.4789863877010138
0,0.40378064438736044,0.2910508842995596,0.37049953979211286
1,0.4488235658566412,0.24741580138329053,0.3493827358810159
0,0.7155584187585635,0.6203005706228628,0.6863133687961522
0,0.28942446710617786,0.2478752221009536,0.20624609580147157
1,0.4751818042953266,0.5009785116095654,0.4568738692926903
1,0.5993057464199857,0.3453616442518227,0.41746151578071283
0,0.28522581696548877,0.6935466023720467,0.41152674399864436
1,0.5411510057211499,0.6579940671133783,0.6239165424127361
1,0.5263667272978604,0.28784229757224605,0.3575482757106829
1,0.9660582867065918,0.882032253956631,0.9712746545202386
0,0.4963045489029492,0.7558233607862928,0.6458105861893827
1,0.5190728627909537,0.5541874608381134,0.5220552094815465
1,0.39399648968695444,0.3631564318471087,0.2839204718060971
0,0.30713793543977636,0.18304989774066113,0.18617003966726633
1,0.4387982018121012,0.291681319511277,0.2778464994447266
1,0.682168777244139,0.5650770119986029,0.6704953762893174
0,0.2425859315336062,0.18784380280931678,0.17537708163977475
1,0.3661183046789678,0.46317780895067245,0.3841404384070021
0,0.15384951424216217,0.23873124950167368,0.10732518808670719
0,0.30256356149028113,0.6520120006381506,0.40814754265105424
1,0.9090894750767776,0.8646747966017614,0.9470862067978685
0,0.5489336597628149,0.3253399197653303,0.4135153382477322
0,0.4564090531348708,0.5812614159234425,0.43203656345433245
1,0.6274622465760864,0.7541371844788035,0.7107562923395077
0,0.3665240074939921,0.4053971405031666,0.3626087505276753
1,0.8613934008342854,0.8492379588641903,0.8879780458208867
0,0.15821971252092396,0.15185827820393816,0.09726996199210028
0,0.6264930671145703,0.7979992860578321,0.7373025623202528
1,0.9801167347299405,0.9427608340395843,0.9890101858698994
1,0.9967859796544085,0.7549787047895697,0.9856953704728452
0,0.08509711091207772,0.21272380395685625,0.07515577036521462
1,0.6510978375411699,0.6187333258471016,0.6501687087905756
0,0.6036630117256734,0.6365047711413993,0.6661568026442662
0,0.3877249384037219,0.6037148873519264,0.44211315174749977
1,0.27422589344820825,0.15173106235176367,0.1925341978229748
1,0.574731356759281,0.6066805218465253,0.5775847356585927
0,0.5911365729036213,0.648540503471261,0.6449790337564361
1,0.3308491052622573,0.30348637996371386,0.23026599945265577
1,0.9264732189490684,0.8933654370404884,0.9551126554776371
1,0.4539394197238676,0.5445791276211711,0.49133688202356146
1,0.8705436117784204,0.7798045045513231,0.8898646425816833
0,0.7594057891282048,0.8114886555907276,0.7634414759076285
0,0.031876123602943375,0.20334673709821402,0.03547000559459633
1,0.8803971740445622,0.8136343902745172,0.9212798928910093
0,0.009795879310960133,0.1063302445630157,0.01692937288282867
1,0.5653970936276719,0.41983524395877947,0.5733783989961009
1,0.23565221634529082,0.35570861912663243,0.2206952160382888
0,0.7324176053099913,0.7044537171895396,0.7308801148087773
0,0.35429302411536256,0.3249734676267399,0.3701869763879081
1,0.9501965923024701,0.9115954080044799,0.9664708103004946
0,0.1410202169943185,0.528229300664927,0.12422900469360915
0,0.14845352080092192,0.49515701572378157,0.28584287353270393
0,0.6755524553906306,0.8265469516584661,0.8216240972717705
1,0.8942078353767291,0.8493918078579221,0.9374877067165229
0,0.6446490058880108,0.4538684218261636,0.52844333627831
0,0.42417426824976007,0.4823202245388789,0.4194964200318812
1,0.4914691647177893,0.2278455651605902,0.5790659530374355
0,0.40371007662927594,0.5408913523333706,0.4353179429209698
0,0.7488881390954577,0.34791257995814806,0.7105149742161959
1,0.4353389123056284,0.5987561255402554,0.41329859623339343
1,0.8101574962317766,0.5224038623561587,0.7960957015082935
0,0.6626844649526096,0.4247100678557832,0.5628383193397545
0,0.0564232899501032,0.26646418846605324,0.054882687976721814
0,0.2621483967206306,0.547296143529536,0.32249221493776853
0,0.11923151623000137,0.14759108663721923,0.10668900070192765
0,0.15385203709707412,0.4039286029196886,0.20220632685296586
0,0.41108106337057576,0.5791013718037002,0.4006867017715593
1,0.8767815012777411,0.6086264112854544,0.9146508793943835
1,0.8325267322523269,0.8484185490296061,0.8595694175112215
0,0.37919862042484387,0.24111681478571123,0.24056538971688168
0,0.8174102037740727,0.8387475022811093,0.8766732591448858
1,0.9566425617740201,0.7768798284060626,0.9593429530322046
1,0.8721289639702763,0.6238255880921101,0.8813117457418878
1,0.4629291491155579,0.3949198522296618,0.4616048773022329
0,0.5119336953725768,0.4486460564432885,0.5292521325285623
0,0.19957377596544915,0.23665245787710934,0.18491830837936662
0,0.6830486813881969,0.7571209772924322,0.7644783071084504
1,0.7293919732219751,0.684411205845719,0.7424466457442297
1,0.7909584062664803,0.5413532597798707,0.7023941582513175
1,0.3860111423271955,0.5739993261617973,0.39523010277107584
0,0.18787331908913985,0.19010278673364392,0.11870887159720246
1,0.6195896894157823,0.5754006489523442,0.6003685397441418
0,0.307740744040874,0.5792126375374468,0.32224792859942436
0,0.7449686636555466,0.8232683463495585,0.8244555832943472
1,0.4739826299364295,0.379674144090294,0.3622153824673762
1,0.9177840412744088,0.8434997134928806,0.9372412497072192
1,0.8159126395125903,0.6201561871728065,0.72896542404585
0,0.5641937462863396,0.6232306297811634,0.5493015476128517
1,0.3841167383829376,0.3221352259637815,0.2806813710578446
0,0.4179949898343652,0.3835393334970983,0.38902622066458153
1,0.621369563165235,0.7130851876429313,0.6718997646298545
0,0.34931139637576736,0.4386836831068403,0.3577294316735356
1,0.6597070054685643,0.9054749935695711,0.8469191316727258
1,0.8492662549808976,0.7729755712162246,0.8904064376044951
0,0.6830788893626295,0.7821913657818852,0.7455134425000483
0,0.44623008555389804,0.6822809340238893,0.5070082198991193
1,0.4596326022033211,0.26880608993837224,0.3425559281404897
0,0.541150143118676,0.5841061883841765,0.5565523924129627
1,0.38064969276347355,0.5381563355596092,0.37925377886191497
0,0.4142640565804375,0.4487692295374544,0.3567391771488261
0,0.1391123163052328,0.13686357765527352,0.10650945298978506
0,0.24958279562286823,0.12983984633704587,0.14995648659486102
1,0.5766898918710339,0.5543463741493729,0.5966637763515629
1,0.1357260801321441,0.3019465620534547,0.09904915546158179
0,0.38508198867730375,0.3545952393597636,0.30195480288110155
1,0.8688321023976402,0.7599676481580847,0.8752228974471692
1,0.30429828595090885,0.432742314440092,0.2560746799779313
0,0.3699078070435197,0.36875555625083506,0.3283789576926466
1,0.6079140753482617,0.49101992896076335,0.5988019743248277
0,0.44014744806950074,0.32165962594638087,0.3448064917812022
0,0.4696866470445004,0.6382598942191434,0.4202678380139236
0,0.22944203686108386,0.5130980277079614,0.23245342396224034
1,0.7429610767644178,0.6384426215726562,0.7575687515008892
0,0.715025045277048,0.3960525126896943,0.5915968696126295
0,0.34841921990558167,0.49331715089722045,0.41195547796491655
1,0.616801392928133,0.23647797661494563,0.5424259987371095
0,0.34869679783133517,0.14428805105330986,0.23894594947695522
0,0.002408032333039056,0.12567474502373024,0.010261900141561026
1,0.5568019188339387,0.3788422938335114,0.5356396894894812
0,0.5590737452738912,0.33058246168276,0.49626476642131123
1,0.6595007755020847,0.8464454362152409,0.7760294231721332
0,0.3681862763287077,0.41524348073565825,0.3527285650272313
0,0.5656954984293063,0.46679978292946817,0.5750433505649574
1,0.8583795066389449,0.8683738408900674,0.8998450535405191
0,0.2472203334155727,0.38569077781371464,0.20191576329105593
1,0.6719785535165318,0.7214772833877457,0.6434420600467535
0,0.325427483801539,0.7090125741913722,0.38491650538235417
1,0.5123134370081391,0.6532064606203168,0.517102399966859
1,0.563940712497959,0.5601578217325908,0.5907272070843492
0,0.10415677387132352,0.40694597538806737,0.10178852737294644
1,0.7265992151374772,0.6928270730289198,0.761333781312564
1,0.5618397302744201,0.6145141071861191,0.6047978176394949
0,0.4198834031728397,0.6930395037521853,0.4492145983018773
1,0.18476711483877906,0.4233988051398757,0.250455302028057
1,0.9611039817340125,0.9239548680696938,0.956319598283048
0,0.8338236556288761,0.6764518231811016,0.7728402567732571
1,0.10430420605277531,0.6044951814066709,0.12293322787195983
0,0.7961856752865082,0.741899304867991,0.7850298326604798
0,0.2830503407058866,0.4653313761271388,0.354709023260311
0,0.38834179006441494,0.2978353045231155,0.2903544982929418
0,0.35828823560800993,0.3005550292426474,0.302561480228632
0,0.296690975840032,0.5628550796791929,0.3671170020670494
1,0.8733747129615257,0.7956427067228194,0.9165115859842674
0,0.19468874901340683,0.4340289872993778,0.3095317734184145
0,0.6396940119081828,0.2739898271859125,0.48854605716391836
1,0.6682576485307261,0.6111818418452907,0.6792768202538094
1,0.4218796496535908,0.6034208614303624,0.4573991551515259
1,0.7894802050352626,0.8345359946550599,0.8509986796411964
1,0.6831993290085241,0.7128150693291807,0.7033594792765735
0,0.7118334608889662,0.7795452431885493,0.7730708387149888
0,0.04449804725546777,0.24451674768715095,0.03534337821677491
0,0.5005591033186684,0.8172074521376068,0.8067005807885678
0,0.07595678968265568,0.25896700567299097,0.078169645388672
1,0.7315663943690742,0.6707364586332228,0.6906368895185611
1,0.7556195885551196,0.7214821382065929,0.7703585574451243
0,0.36737631306875634,0.3666284982291653,0.3594966385790192
0,0.6664707148540994,0.6866857430732538,0.720425462759039
1,0.6198477500568149,0.4113701213708391,0.6413666255240447
0,0.5159808416213869,0.637348891768197,0.5232062995342635
1,0.21693111136538815,0.4293215292531144,0.24026603533548316
0,0.8655323411179408,0.40114986422039495,0.7269254354276092
1,0.7421092087635627,0.7785287448940558,0.7813022392727001
0,0.4288183356270898,0.5658183961226264,0.4705405222985908
0,0.26743352031360995,0.34338562988538307,0.24234152323439895
1,0.8725258866340598,0.4044547540532596,0.752415446871763
0,0.5768122686142058,0.40754441408887276,0.5083691657332567
0,0.40255970360464294,0.5385682665504034,0.5029434812503841
1,0.8017431179358392,0.5913359092450827,0.7238001509181681
0,0.3390734223964906,0.45064935699290765,0.3791652055491679
1,0.7103810667258434,0.5974113343441411,0.6723532381207984
1,0.5358526352148687,0.458103993284736,0.43374967324775926
0,0.7561285997623959,0.8253207363944635,0.8489926992265369
0,0.40053755624318593,0.6857978161837855,0.49484160307648917
1,0.5570890320101168,0.5273709128820865,0.622914744119529
1,0.6842151520116772,0.6248383587733682,0.7212852287641508
1,0.3896677322739306,0.21149332362110218,0.2578641319712967
0,0.3460503834067546,0.4949992979939849,0.3025426076694449
0,0.233699746799901,0.4335308590813471,0.21606773532027004
1,0.28686541042457847,0.1908326393943022,0.21640260194856994
