open_key,target_btc,lr_proba
2026-02-23 21:15:00,0,0.3347843036839132
2026-02-23 21:30:00,1,0.666800059706324
2026-02-23 21:45:00,1,0.6943483276974795
2026-02-23 22:00:00,1,0.3513702134017101
2026-02-23 22:15:00,1,0.7465883886518204
2026-02-23 22:30:00,1,0.4635775687390485
2026-02-23 22:45:00,0,0.266020117239027
2026-02-23 23:00:00,1,0.7155002077364069
2026-02-23 23:15:00,0,0.4069493993010161
2026-02-23 23:30:00,0,0.6149033171240249
2026-02-23 23:45:00,1,0.48839955520002415
2026-02-24 00:00:00,1,0.2081208625086956
2026-02-24 00:15:00,1,0.37191633262057266
2026-02-24 00:30:00,1,0.6204475552001374
2026-02-24 00:45:00,1,0.32496388313618607
2026-02-24 01:00:00,0,0.2804867761749512
2026-02-24 01:15:00,0,0.42548032226216614
2026-02-24 01:30:00,1,0.5338819721340026
2026-02-24 01:45:00,1,0.22304546501224065
2026-02-24 02:00:00,0,0.3038265400192325
2026-02-24 02:15:00,1,0.4482787911090688
2026-02-24 02:30:00,0,0.5904647241362296
2026-02-24 02:45:00,1,0.543028106116105
2026-02-24 03:00:00,0,0.5233525688813443
2026-02-24 03:15:00,0,0.34284461617568246
2026-02-24 03:30:00,1,0.24055288433350266
2026-02-24 03:45:00,1,0.3503102004710901
2026-02-24 04:00:00,1,0.2518876274114412
2026-02-24 04:15:00,1,0.453757639841145
2026-02-24 04:30:00,0,0.3303834589837589
2026-02-24 04:45:00,0,0.40067097926328504
2026-02-24 05:00:00,1,0.5762388896737092
2026-02-24 05:15:00,0,0.42962992768876307
2026-02-24 05:30:00,1,0.45356150693008807
2026-02-24 05:45:00,0,0.5427815222939163
2026-02-24 06:00:00,0,0.25887848237510935
2026-02-24 06:15:00,1,0.43333214163956846
2026-02-24 06:30:00,1,0.3673102765337458
2026-02-24 06:45:00,1,0.5750836048197001
2026-02-24 07:00:00,1,0.35189495479085087
2026-02-24 07:15:00,1,0.7021434396413815
2026-02-24 07:30:00,0,0.6574497502815169
2026-02-24 07:45:00,1,0.7591217034452359
2026-02-24 08:00:00,1,0.8107830842453195
2026-02-24 08:15:00,0,0.24632768959675364
2026-02-24 08:30:00,1,0.21807773520482518
2026-02-24 08:45:00,1,0.4073948799009341
2026-02-24 09:00:00,1,0.43056442166091824
2026-02-24 09:15:00,0,0.29745100897823584
2026-02-24 09:30:00,0,0.6323408334369104
2026-02-24 09:45:00,1,0.5706169592627247
2026-02-24 10:00:00,0,0.7195612876817163
2026-02-24 10:15:00,1,0.6309878338448169
2026-02-24 10:30:00,1,0.7400799039049455
2026-02-24 10:45:00,1,0.627041850821423
2026-02-24 11:00:00,0,0.6960460121315675
2026-02-24 11:15:00,1,0.49507944331999265
2026-02-24 11:30:00,1,0.5892292620996042
2026-02-24 11:45:00,0,0.5269061540263043
2026-02-24 12:00:00,0,0.6117598228170672
2026-02-24 12:15:00,1,0.7343282618633081
2026-02-24 12:30:00,1,0.6354649822013384
2026-02-24 12:45:00,0,0.41728954805329055
2026-02-24 13:00:00,0,0.0977651620903944
2026-02-24 13:15:00,0,0.2044941324338927
2026-02-24 13:30:00,1,0.6048061960280111
2026-02-24 13:45:00,1,0.5511264258105296
2026-02-24 14:00:00,1,0.5865946269582166
2026-02-24 14:15:00,0,0.45205541299408364
2026-02-24 14:30:00,0,0.2444140057685193
2026-02-24 14:45:00,1,0.7164459438196494
2026-02-24 15:00:00,0,0.7079683943510339
2026-02-24 15:15:00,1,0.6987666039177951
2026-02-24 15:30:00,0,0.3783544919769036
2026-02-24 15:45:00,0,0.40339068324592786
2026-02-24 21:45:00,1,0.9409922504386882
2026-02-24 22:00:00,1,0.8483280519267251
2026-02-24 22:15:00,1,0.48627015098318754
2026-02-24 22:30:00,1,0.46160429529220826
2026-02-24 22:45:00,0,0.46659086914740516
2026-02-24 23:00:00,1,0.6995774972690834
2026-02-24 23:15:00,1,0.8153480460591714
2026-02-24 23:30:00,0,0.7136128978343367
2026-02-24 23:45:00,1,0.725941509260819
2026-02-25 00:00:00,0,0.4204709322166092
2026-02-25 00:15:00,1,0.5548497357202242
2026-02-25 00:30:00,1,0.5407547008251208
2026-02-25 00:45:00,1,0.3567148844036047
2026-02-25 01:00:00,1,0.35638886557221183
2026-02-25 01:15:00,0,0.2828110016198687
2026-02-25 01:30:00,0,0.2773381351742232
2026-02-25 01:45:00,1,0.6340340977004234
2026-02-25 02:00:00,1,0.39781646681263494
2026-02-25 02:15:00,0,0.40304237351838285
2026-02-25 02:30:00,1,0.4046792865734948
2026-02-25 02:45:00,0,0.768228642304816
2026-02-25 03:00:00,0,0.42607204213951805
2026-02-25 03:15:00,1,0.20871109247071584
2026-02-25 03:30:00,1,0.3186223856753747
2026-02-25 03:45:00,1,0.498316147905826
2026-02-25 04:00:00,1,0.658523623675498
2026-02-25 04:15:00,1,0.6195418360969902
2026-02-25 04:30:00,1,0.3673592975359478
2026-02-25 04:45:00,1,0.449300599113922
2026-02-25 05:00:00,1,0.5329688343593914
2026-02-25 05:15:00,1,0.48992384870197836
2026-02-25 05:30:00,1,0.45502091632113195
2026-02-25 05:45:00,0,0.652552514086624
2026-02-25 06:00:00,1,0.6586556618089588
2026-02-25 06:15:00,1,0.5560361737727589
2026-02-25 06:30:00,0,0.5755443313176102
2026-02-25 06:45:00,1,0.8703099955624184
2026-02-25 07:00:00,0,0.7369075852111518
2026-02-25 07:15:00,1,0.6556337812018154
2026-02-25 07:30:00,1,0.75367075920307
2026-02-25 07:45:00,0,0.4733552666715524
2026-02-25 08:00:00,1,0.7218913053235145
2026-02-25 08:15:00,1,0.6404040496128441
2026-02-25 08:30:00,1,0.5195020161224077
2026-02-25 08:45:00,1,0.7660760544672316
2026-02-25 09:00:00,1,0.7389005902350563
2026-02-25 09:15:00,1,0.5988000720574581
2026-02-25 09:30:00,1,0.43073216615087057
2026-02-25 09:45:00,0,0.5589612687821657
2026-02-25 10:00:00,1,0.3370274485648328
2026-02-25 10:15:00,1,0.5330239848409438
2026-02-25 10:30:00,1,0.41054886925687734
2026-02-25 10:45:00,0,0.3353828703232155
2026-02-25 11:00:00,0,0.37835721840432834
2026-02-25 11:15:00,1,0.6824636568548792
2026-02-25 11:30:00,0,0.4066157233112799
2026-02-25 11:45:00,1,0.5327134769525372
2026-02-25 12:00:00,0,0.7050368692633934
2026-02-25 12:15:00,1,0.6777930224470022
2026-02-25 12:30:00,1,0.7546770319295243
2026-02-25 12:45:00,1,0.7275082748200465
2026-02-25 13:00:00,0,0.5925214333350993
2026-02-25 13:15:00,0,0.544900258773881
2026-02-25 13:30:00,1,0.4339818049952475
2026-02-25 13:45:00,0,0.2518620872176915
2026-02-25 14:00:00,1,0.693920410450662
2026-02-25 14:15:00,0,0.3444939210954275
2026-02-25 14:30:00,0,0.45473113642467294
2026-02-25 14:45:00,1,0.7014165715893869
2026-02-25 15:00:00,1,0.39500367543207093
2026-02-25 15:15:00,0,0.43630388234190237
2026-02-25 15:30:00,0,0.22446952960555744
2026-02-25 15:45:00,1,0.6582661823360411
2026-02-25 16:00:00,1,0.2505240367100334
2026-02-25 16:15:00,1,0.6740730113004095
2026-02-25 16:30:00,0,0.7065646329667714
2026-02-25 16:45:00,1,0.6171840707986067
2026-02-25 17:00:00,1,0.49452437415363615
2026-02-25 17:15:00,0,0.4432053661859378
2026-02-25 17:30:00,1,0.29744508456375324
2026-02-25 17:45:00,0,0.18482782015665836
2026-02-25 18:00:00,0,0.27486035758708666
2026-02-25 18:15:00,1,0.9031818289100538
2026-02-25 18:30:00,1,0.816061543427462
2026-02-25 18:45:00,1,0.7425603304359537
2026-02-25 19:00:00,0,0.5792015013375192
2026-02-25 19:15:00,0,0.6066767360419699
2026-02-25 19:30:00,1,0.6689130098278829
2026-02-25 19:45:00,0,0.5741528241212898
2026-02-25 20:00:00,1,0.520359447790034
2026-02-25 20:15:00,1,0.8652398917111394
2026-02-25 20:30:00,1,0.8033749035391747
2026-02-25 20:45:00,0,0.4838101224966912
2026-02-25 21:00:00,0,0.3012638037123605
2026-02-25 21:15:00,1,0.2763377176495607
2026-02-25 21:30:00,1,0.4008510976048928
2026-02-25 21:45:00,1,0.5879118751693536
2026-02-25 22:00:00,1,0.3263036203349751
2026-02-25 22:15:00,0,0.40569273421936725
2026-02-25 22:30:00,0,0.24336557249160193
2026-03-11 14:00:00,0,0.853292037782788
2026-03-11 14:15:00,1,0.6185285705697922
2026-03-11 14:30:00,1,0.8518921355045496
2026-03-11 14:45:00,1,0.4505007748294147
2026-03-11 15:00:00,1,0.5394449000833157
2026-03-11 15:15:00,0,0.29978548744271627
2026-03-11 15:30:00,0,0.3378954728333284
2026-03-11 15:45:00,0,0.48218534820301945
2026-03-11 16:00:00,1,0.837839872366729
2026-03-11 16:15:00,0,0.24746985766906576
2026-03-11 16:30:00,0,0.30710592034419903
2026-03-11 16:45:00,0,0.5553270405186513
2026-03-11 17:00:00,1,0.6387258361757776
2026-03-11 17:15:00,1,0.39052667735665303
2026-03-11 17:30:00,0,0.2452019055601149
2026-03-11 17:45:00,0,0.432377650118092
2026-03-11 18:00:00,0,0.3358087556853082
2026-03-11 18:15:00,1,0.5736891921462347
2026-03-11 18:30:00,0,0.4510195087539393
2026-03-11 18:45:00,0,0.5464833543143756
2026-03-11 19:00:00,0,0.4453273391485119
2026-03-11 19:15:00,0,0.5199291292644964
2026-03-11 19:30:00,0,0.37278926762297143
2026-03-11 19:45:00,0,0.6662995806298692
2026-03-11 20:00:00,1,0.667837931731141
2026-03-11 20:15:00,1,0.6545792173771721
2026-03-11 20:30:00,1,0.5114997554371256
2026-03-11 20:45:00,0,0.17185936330913576
2026-03-11 21:00:00,1,0.8504395026044608
2026-03-11 21:15:00,0,0.46418576041511694
2026-03-11 21:30:00,0,0.4086274739315509
2026-03-11 21:45:00,0,0.40684791916475443
2026-03-11 22:00:00,0,0.34886170130662914
2026-03-11 22:15:00,0,0.5078059578280566
2026-03-11 22:30:00,1,0.7990092880887598
2026-03-11 22:45:00,0,0.3723294276048257
2026-03-12 02:00:00,0,0.4363132956564104
2026-03-12 02:15:00,1,0.30549651724752624
2026-03-12 02:30:00,1,0.6163805369187001
2026-03-12 02:45:00,0,0.3782793958925109
2026-03-12 03:00:00,0,0.5322947541569539
2026-03-12 03:15:00,1,0.5252770991655253
2026-03-12 03:30:00,1,0.6239995927994955
2026-03-12 03:45:00,1,0.6577757967889778
2026-03-12 04:00:00,0,0.42416212747983323
2026-03-12 04:15:00,1,0.4927059933629818
2026-03-12 04:30:00,1,0.5359939132609597
2026-03-12 04:45:00,0,0.5816813565524072
2026-03-12 05:00:00,0,0.4012502379515539
2026-03-12 05:15:00,1,0.48509864983687634
2026-03-12 05:30:00,1,0.3846923795007692
2026-03-12 05:45:00,0,0.528941520826763
2026-03-12 06:00:00,1,0.4292125346740627
2026-03-12 06:15:00,0,0.2121133747762123
2026-03-12 06:30:00,1,0.27906950133066266
2026-03-12 06:45:00,0,0.1262807714652902
2026-03-12 07:00:00,1,0.8539047188619014
2026-03-12 07:15:00,0,0.73025014573473
2026-03-12 07:30:00,0,0.25282077603374375
2026-03-12 07:45:00,1,0.8157523736239092
2026-03-12 08:00:00,1,0.5621955624246826
2026-03-12 08:15:00,1,0.6426107022879679
2026-03-12 08:30:00,1,0.35442978770050154
2026-03-12 08:45:00,0,0.48373596034181227
2026-03-12 09:00:00,0,0.4036924921455447
2026-03-12 09:15:00,0,0.7554836479195707
2026-03-12 09:30:00,1,0.5745603962034206
2026-03-12 09:45:00,0,0.32134541757034435
2026-03-12 10:00:00,1,0.5502129947816099
2026-03-12 10:15:00,0,0.37824793757050024
2026-03-12 10:30:00,1,0.7057445420848588
2026-03-12 10:45:00,0,0.31553205143942953
2026-03-12 11:00:00,0,0.5690117044782951
2026-03-12 11:15:00,0,0.5408106674134565
2026-03-12 11:30:00,0,0.5732236586418192
2026-03-12 11:45:00,0,0.3739462507114339
2026-03-12 12:00:00,1,0.7289764145628985
2026-03-12 12:15:00,1,0.7554362055640296
2026-03-12 12:30:00,1,0.794878477888099
2026-03-12 12:45:00,1,0.4064129220163048
2026-03-12 13:00:00,0,0.5026701329411536
2026-03-12 13:15:00,0,0.582468532976263
2026-03-12 13:30:00,0,0.12933989187678713
2026-03-12 13:45:00,1,0.7192792887777566
2026-03-12 14:00:00,1,0.8811622547984816
2026-03-12 14:15:00,0,0.3291054895215859
2026-03-12 14:30:00,0,0.23283124947373993
2026-03-12 14:45:00,1,0.6284127988809165
2026-03-12 15:00:00,0,0.24405778684907212
2026-03-12 15:15:00,0,0.23559983019682296
2026-03-12 15:30:00,0,0.521244505226822
2026-03-12 15:45:00,1,0.4443446424895144
2026-03-12 16:00:00,1,0.864954642184184
2026-03-12 16:15:00,1,0.7147286619201019
2026-03-12 16:30:00,1,0.4916657470920577
2026-03-12 16:45:00,0,0.25653587263220107
2026-03-12 17:00:00,1,0.225310302086098
2026-03-12 17:15:00,1,0.9210919484300992
2026-03-12 17:30:00,1,0.9248287167250191
2026-03-12 17:45:00,0,0.3705829954637771
2026-03-12 18:00:00,1,0.8775050602108645
2026-03-12 18:15:00,0,0.678443203172745
2026-03-12 18:30:00,1,0.5664774624512119
2026-03-12 18:45:00,1,0.47440901188379814
2026-03-12 19:00:00,0,0.4731564734860563
2026-03-12 19:15:00,0,0.4283765512682531
2026-03-12 19:30:00,0,0.3635392436553589
2026-03-12 19:45:00,0,0.6064862620723586
2026-03-12 20:00:00,1,0.6061617026336347
2026-03-12 20:15:00,0,0.5076153607120895
2026-03-12 20:30:00,1,0.29890960265871136
2026-03-12 20:45:00,1,0.7782675418846937
2026-03-12 21:00:00,0,0.433034036794775
2026-03-12 21:15:00,0,0.3085052932522815
2026-03-12 21:30:00,1,0.7062897409093598
2026-03-12 21:45:00,0,0.45874802906920414
2026-03-12 22:00:00,0,0.5082776888117955
2026-03-12 22:15:00,1,0.692832503160702
2026-03-12 22:30:00,1,0.799119133995421
2026-03-12 22:45:00,0,0.5028072789810959
2026-03-12 23:00:00,0,0.300090781546814
2026-03-12 23:15:00,0,0.5597715057933498
2026-03-12 23:30:00,1,0.7415864345850948
2026-03-12 23:45:00,1,0.5677948722231462
2026-03-13 00:00:00,1,0.24055656517733848
2026-03-13 00:15:00,1,0.6060167278388072
2026-03-13 00:30:00,1,0.31681865992437264
2026-03-13 00:45:00,1,0.4727531566116647
2026-03-13 01:00:00,0,0.2700804404943936
2026-03-13 01:15:00,1,0.7590180040139807
2026-03-13 01:30:00,1,0.7825321847324507
2026-03-13 01:45:00,0,0.1416307455701558
2026-03-13 02:00:00,0,0.7823589551963984
2026-03-13 02:15:00,1,0.1981739690101421
2026-03-13 02:30:00,1,0.520612725222923
2026-03-13 02:45:00,1,0.3915387980553532
2026-03-13 03:00:00,1,0.7125426046188118
2026-03-13 03:15:00,1,0.786638117679313
2026-03-13 03:30:00,1,0.36087536945253856
2026-03-13 03:45:00,0,0.36087536945253856
2026-03-13 04:00:00,0,0.6168842630664639
2026-03-13 04:15:00,1,0.7413186587568753
2026-03-13 04:30:00,0,0.35512628955750875
2026-03-13 04:45:00,0,0.4634591772238869
2026-03-13 05:00:00,1,0.8120904217132259
2026-03-13 05:15:00,1,0.4185752987912163
2026-03-13 05:30:00,0,0.6590550000679538
2026-03-13 05:45:00,1,0.9219500419477685
2026-03-13 06:00:00,1,0.6331379680589206
2026-03-13 06:15:00,1,0.5772589635854387
2026-03-13 06:30:00,1,0.855148009659191
2026-03-13 06:45:00,1,0.709005582305233
2026-03-13 07:00:00,1,0.6528065859485882
2026-03-13 07:15:00,1,0.24911772718314684
2026-03-13 07:30:00,0,0.7338004274984338
2026-03-13 07:45:00,0,0.262836645083612
2026-03-13 08:00:00,1,0.5797195231124507
2026-03-13 08:15:00,0,0.6865139203406257
2026-03-13 08:30:00,0,0.5981333923665008
2026-03-13 08:45:00,0,0.7924714526117748
2026-03-13 09:00:00,0,0.5693652530540224
2026-03-13 09:15:00,0,0.3184910490962232
2026-03-13 09:30:00,1,0.8526098245770274
2026-03-13 09:45:00,1,0.49596333671715787
2026-03-13 10:00:00,1,0.5276977649534306
2026-03-13 10:15:00,0,0.707442679198556
2026-03-13 10:30:00,0,0.5360441242496612
2026-03-13 10:45:00,0,0.5261140909230193
2026-03-13 11:00:00,1,0.6135412691266349
2026-03-13 11:15:00,0,0.4570302391230038
2026-03-13 11:30:00,1,0.8213746982235097
2026-03-13 11:45:00,0,0.18321507389764335
2026-03-13 12:00:00,1,0.6112876323403741
2026-03-13 12:15:00,0,0.7437126241354935
2026-03-13 12:30:00,1,0.8640334141158291
2026-03-13 12:45:00,1,0.7751768975747809
2026-03-13 13:00:00,1,0.637472902195909
2026-03-13 13:15:00,0,0.7672253158417857
2026-03-13 13:30:00,0,0.5476615205889648
2026-03-13 13:45:00,1,0.6368440079178289
2026-03-13 14:00:00,1,0.6989238965894855
2026-03-13 14:15:00,0,0.5013543556468492
2026-03-13 14:30:00,0,0.675431130873412
2026-03-13 14:45:00,0,0.7157475980362744
2026-03-13 15:00:00,0,0.16754978553840016
2026-03-13 15:15:00,0,0.3932728210744994
2026-03-13 15:30:00,1,0.3186777838447613
2026-03-13 15:45:00,1,0.46111952350221963
2026-03-13 16:00:00,0,0.31762633717684
2026-03-13 16:15:00,1,0.70656540248366
2026-03-13 16:30:00,1,0.3259366069560409
2026-03-13 16:45:00,1,0.5695429977661418
2026-03-13 17:00:00,0,0.11558439608201679
2026-03-13 17:15:00,1,0.6417043747612795
2026-03-13 17:30:00,0,0.5407735169546636
2026-03-13 17:45:00,1,0.668165024815743
2026-03-13 18:00:00,1,0.6464384225449051
2026-03-13 18:15:00,1,0.6015690416535652
2026-03-13 18:30:00,1,0.654797784051045
2026-03-13 18:45:00,1,0.6549789645129409
2026-03-13 19:00:00,0,0.30984435630997315
2026-03-13 19:15:00,0,0.6241836367088313
2026-03-13 19:30:00,0,0.2904520890015957
2026-03-13 19:45:00,1,0.4874359786513188
2026-03-13 20:00:00,1,0.6151854779178255
2026-03-13 20:15:00,1,0.854901768829636
2026-03-13 20:30:00,1,0.7220176630229965
2026-03-13 20:45:00,0,0.2747365900062892
2026-03-13 21:00:00,1,0.46221292202599223
2026-03-13 21:15:00,0,0.18299563926745005
2026-03-13 21:30:00,1,0.3651985403280091
2026-03-13 21:45:00,0,0.4000951888770729
2026-03-13 22:00:00,1,0.6262526957039506
2026-03-13 22:15:00,1,0.43476265439518086
2026-03-13 22:30:00,0,0.21968453271185506
2026-03-13 22:45:00,1,0.6296117747076969
2026-03-13 23:00:00,0,0.2500222526949233
2026-03-13 23:15:00,0,0.16843316646261633
2026-03-13 23:30:00,0,0.5314429820413014
2026-03-13 23:45:00,1,0.8241734162451138
2026-03-14 00:00:00,1,0.697583443089308
2026-03-14 00:15:00,0,0.4698510707417392
2026-03-14 00:30:00,0,0.8330229317834682
2026-03-14 00:45:00,1,0.4537433674817796
2026-03-14 01:00:00,1,0.6730525470467427
2026-03-14 01:15:00,0,0.36089982217515504
2026-03-14 01:30:00,0,0.4172868451425576
2026-03-14 01:45:00,1,0.686828522328844
2026-03-14 02:00:00,1,0.6857124733896343
2026-03-14 02:15:00,0,0.38171264151597506
2026-03-14 02:30:00,0,0.5369036724715645
2026-03-14 02:45:00,0,0.2807879489262912
2026-03-14 03:00:00,0,0.5135923077536616
2026-03-14 03:15:00,0,0.3283056684829849
2026-03-14 03:30:00,1,0.6979088656067906
2026-03-14 03:45:00,1,0.5667374050757819
2026-03-14 04:00:00,1,0.7662349924306392
2026-03-14 04:15:00,1,0.6692685022580028
2026-03-14 04:30:00,1,0.26397923984742705
2026-03-14 04:45:00,1,0.732984332704988
2026-03-14 05:00:00,1,0.8560145136375464
2026-03-14 05:15:00,0,0.4967284730622778
2026-03-14 05:30:00,0,0.5648095144997233
2026-03-14 05:45:00,1,0.7535599334473234
2026-03-14 06:00:00,1,0.714385969377704
2026-03-14 06:15:00,1,0.7929187808922631
2026-03-14 06:30:00,0,0.4735474160649304
2026-03-14 06:45:00,1,0.21879869396420734
2026-03-14 07:00:00,0,0.5538101751624648
2026-03-14 07:15:00,1,0.7368732413980454
2026-03-14 07:30:00,0,0.30871989938318795
2026-03-14 07:45:00,0,0.7344986375420783
2026-03-14 08:00:00,1,0.7358843502680037
2026-03-14 08:15:00,0,0.5926082506779814
2026-03-14 08:30:00,0,0.16760978426881037
2026-03-14 08:45:00,1,0.5373306251975778
2026-03-14 09:00:00,0,0.3581617957721571
2026-03-14 09:15:00,1,0.7510294051342387
2026-03-14 09:30:00,0,0.5781191315938052
2026-03-14 09:45:00,1,0.3170351290096164
2026-03-14 10:00:00,1,0.44067030092403986
2026-03-14 10:15:00,1,0.6204650139126574
2026-03-14 10:30:00,0,0.297479655019191
2026-03-14 10:45:00,0,0.6207119705766841
2026-03-14 11:00:00,0,0.3280333103190124
2026-03-14 11:15:00,1,0.4780899537689817
2026-03-14 11:30:00,1,0.7037663509813025
2026-03-14 11:45:00,1,0.35800750298518924
2026-03-14 12:00:00,1,0.2191361405332687
2026-03-14 12:15:00,0,0.5807197793890518
2026-03-14 12:30:00,1,0.6208370287062289
2026-03-14 12:45:00,0,0.4458447435421347
2026-03-14 13:00:00,0,0.46274255271664894
2026-03-14 13:15:00,1,0.6289317518740248
2026-03-14 13:30:00,1,0.5232226479244284
2026-03-14 13:45:00,0,0.4576520055488077
2026-03-14 14:00:00,0,0.326155303412519
2026-03-14 14:15:00,1,0.7072495424047122
2026-03-14 14:30:00,1,0.5716871651629173
2026-03-14 14:45:00,1,0.31450030224123976
2026-03-14 15:00:00,0,0.37938256190154085
2026-03-14 15:15:00,1,0.4991427383163886
2026-03-14 15:30:00,1,0.5411296549368643
2026-03-14 15:45:00,0,0.4288979591221282
2026-03-14 16:00:00,1,0.9183939116219855
2026-03-14 16:15:00,1,0.283699825323662
2026-03-14 16:30:00,1,0.5086741099174155
2026-03-14 16:45:00,1,0.4105753182056095
2026-03-14 17:00:00,0,0.175031282119013
2026-03-14 17:15:00,1,0.6577762844999115
2026-03-14 17:30:00,0,0.42526268899323155
2026-03-14 17:45:00,0,0.26528430520213736
2026-03-14 18:00:00,0,0.5868713925825392
2026-03-14 18:15:00,0,0.77177382693059
2026-03-14 18:30:00,1,0.38074373346297263
2026-03-14 18:45:00,1,0.3670798278076292
2026-03-14 19:00:00,1,0.9158683071084405
2026-03-14 19:15:00,0,0.448654997034665
2026-03-14 19:30:00,1,0.2354859938310164
2026-03-14 19:45:00,1,0.8364937931253562
2026-03-14 20:00:00,0,0.5585662017657275
2026-03-14 20:15:00,0,0.27253736167381565
2026-03-14 20:30:00,0,0.40916556880983235
2026-03-14 20:45:00,1,0.3682451598690272
2026-03-14 21:00:00,1,0.5743641474199574
2026-03-14 21:15:00,0,0.6283119396309153
2026-03-14 21:30:00,0,0.3841039955200283
2026-03-14 21:45:00,1,0.5123697414847495
2026-03-14 22:00:00,0,0.46481730409436117
2026-03-14 22:15:00,1,0.8686395999306464
2026-03-14 22:30:00,1,0.4631184883776283
2026-03-14 22:45:00,0,0.4174674242780596
2026-03-14 23:00:00,1,0.5587132580868213
2026-03-14 23:15:00,0,0.6382716204190373
2026-03-14 23:30:00,0,0.3497341934338703
2026-03-14 23:45:00,1,0.41554444516943817
2026-03-15 00:00:00,1,0.6332620014183213
2026-03-15 00:15:00,0,0.511686632484728
2026-03-15 00:30:00,0,0.32467540971166886
2026-03-15 00:45:00,0,0.38230796740186246
2026-03-15 01:00:00,1,0.8081518432978965
2026-03-15 01:15:00,1,0.7765255229900996
2026-03-15 01:30:00,0,0.34826418794569763
2026-03-15 01:45:00,1,0.9070652153735933
2026-03-15 02:00:00,1,0.9197817037676783
2026-03-15 02:15:00,1,0.7158156608487858
2026-03-15 02:30:00,0,0.5194621653837842
2026-03-15 02:45:00,1,0.6632828326868832
2026-03-15 03:00:00,0,0.6666069949910473
2026-03-15 03:15:00,1,0.562562663625649
2026-03-15 03:30:00,0,0.32821728427473107
2026-03-15 03:45:00,0,0.5139544472818149
2026-03-15 04:00:00,0,0.3946428207167219
2026-03-15 04:15:00,0,0.8781090108180137
2026-03-15 04:30:00,0,0.7785293661612762
2026-03-15 04:45:00,1,0.9224403657912635
2026-03-15 05:00:00,0,0.22824239107356784
2026-03-15 05:15:00,1,0.6638614541041178
2026-03-15 05:30:00,0,0.5334488509794062
2026-03-15 05:45:00,1,0.7258180084084775
2026-03-15 06:00:00,0,0.8550016455067673
2026-03-15 06:15:00,1,0.42557513742013053
2026-03-15 06:30:00,0,0.48956059832819354
2026-03-15 06:45:00,1,0.8587704416172153
2026-03-15 07:00:00,0,0.41872117531241854
2026-03-15 07:15:00,0,0.26035017087258316
2026-03-15 07:30:00,1,0.37413695161287475
2026-03-15 07:45:00,1,0.4434057782036603
2026-03-15 08:00:00,0,0.44466074403810085
2026-03-15 08:15:00,0,0.3060123888803427
2026-03-15 08:30:00,1,0.6454184338634313
2026-03-15 08:45:00,0,0.5666667038339653
2026-03-15 09:00:00,1,0.5242062308735744
2026-03-15 09:15:00,0,0.15456986130975026
2026-03-15 09:30:00,1,0.44305598387793926
2026-03-15 09:45:00,0,0.49673187828375337
2026-03-15 10:00:00,1,0.5392408505178773
2026-03-15 10:15:00,1,0.6207119705766841
2026-03-15 10:30:00,1,0.6171479412765616
2026-03-15 10:45:00,1,0.7195515207620579
2026-03-15 11:00:00,0,0.4867602356897924
2026-03-15 11:15:00,0,0.6339847813997571
2026-03-15 11:30:00,0,0.852000411887046
2026-03-15 11:45:00,0,0.1482698746881269
2026-03-15 12:00:00,1,0.682703527172331
2026-03-15 12:15:00,1,0.3626711555710655
2026-03-15 12:30:00,0,0.43281270526771426
2026-03-15 12:45:00,1,0.3977583330896008
2026-03-15 13:00:00,0,0.40659214093454665
2026-03-15 13:15:00,0,0.7014674177914025
2026-03-15 13:30:00,1,0.93628145012256
2026-03-15 13:45:00,0,0.27643218309031226
2026-03-15 14:00:00,0,0.4265441458126948
2026-03-15 14:15:00,1,0.7262383657057798
2026-03-15 14:30:00,1,0.8447925557439906
2026-03-15 14:45:00,0,0.5202747576564192
2026-03-15 15:00:00,0,0.5470124104322576
2026-03-15 15:15:00,1,0.4802407163305035
2026-03-15 15:30:00,1,0.9087588996545953
2026-03-15 15:45:00,1,0.8227705787282757
2026-03-15 16:00:00,1,0.7283285913163126
2026-03-15 16:15:00,0,0.5741395695323593
2026-03-15 16:30:00,1,0.5307941304372812
2026-03-15 16:45:00,1,0.6796887423409136
2026-03-15 17:00:00,0,0.8189305544736425
2026-03-15 17:15:00,0,0.7914630970866412
2026-03-15 17:30:00,1,0.7222308283328309
2026-03-15 17:45:00,1,0.5671363617492519
2026-03-15 18:00:00,0,0.5595830629501131
2026-03-15 18:15:00,1,0.7777860378656464
2026-03-15 18:30:00,0,0.23626350727881168
2026-03-15 18:45:00,1,0.7024838793563016
2026-03-15 19:00:00,0,0.54984156185363
2026-03-15 19:15:00,0,0.2985926311603278
2026-03-15 19:30:00,1,0.3982170929451474
2026-03-15 19:45:00,1,0.719028622301502
2026-03-15 20:00:00,0,0.27244267369392766
2026-03-15 20:15:00,1,0.5283830230523332
2026-03-15 20:30:00,1,0.9028975698395922
2026-03-15 20:45:00,0,0.4079952122181896
2026-03-15 21:00:00,1,0.6666736211297339
2026-03-15 21:15:00,0,0.7694545577835042
2026-03-15 21:30:00,1,0.5980553159240524
2026-03-15 21:45:00,1,0.8185940440236764
2026-03-15 22:00:00,1,0.4925674291595404
2026-03-15 22:15:00,0,0.3310273987646356
2026-03-15 22:30:00,1,0.29994983459730434
2026-03-15 22:45:00,1,0.5383110833761001
2026-03-15 23:00:00,0,0.2731463522573756
2026-03-15 23:15:00,1,0.741828513048603
2026-03-15 23:30:00,1,0.6399631291630364
2026-03-15 23:45:00,0,0.40340278785626377
2026-03-16 00:00:00,1,0.8287046700274757
2026-03-16 00:15:00,0,0.25054650516716603
2026-03-16 00:30:00,0,0.5092743876438078
2026-03-16 00:45:00,0,0.5462427287960004
2026-03-16 01:00:00,1,0.9184854393335827
2026-03-16 01:15:00,0,0.20515339443905478
2026-03-16 01:30:00,0,0.33177363201591326
2026-03-16 01:45:00,0,0.4443827610009682
2026-03-16 02:00:00,1,0.5869812700264952
2026-03-16 02:15:00,1,0.6450322117056235
2026-03-16 02:30:00,0,0.341227598510715
2026-03-16 02:45:00,1,0.5778424135310096
2026-03-16 03:00:00,1,0.852462547696216
2026-03-16 03:15:00,1,0.7473328616184022
2026-03-16 03:30:00,0,0.48974292952757437
2026-03-16 03:45:00,1,0.6147917430917682
2026-03-16 04:00:00,0,0.5998211104696552
2026-03-16 04:15:00,0,0.6660043308464767
2026-03-16 04:30:00,1,0.44335008845947177
2026-03-16 04:45:00,0,0.6361232019964298
2026-03-16 05:00:00,1,0.78307801602818
2026-03-16 05:15:00,1,0.317277838603352
2026-03-16 05:30:00,0,0.7899265329145146
2026-03-16 05:45:00,1,0.4735619728895545
2026-03-16 06:00:00,1,0.6954543519214309
2026-03-16 06:15:00,0,0.4395952882465071
2026-03-16 06:30:00,1,0.7855529678672828
2026-03-16 06:45:00,0,0.8874934281034852
2026-03-16 07:00:00,1,0.8418925898470235
2026-03-16 07:15:00,0,0.3915015634023608
2026-03-16 07:30:00,0,0.22603476644349285
2026-03-16 07:45:00,1,0.7256750951153843
2026-03-16 08:00:00,1,0.49128104635213515
2026-03-16 08:15:00,1,0.45722291423270833
2026-03-16 08:30:00,0,0.6986324569898476
2026-03-16 08:45:00,0,0.6122708073225928
2026-03-16 09:00:00,1,0.4058299082363149
2026-03-16 09:15:00,1,0.8522928809277706
2026-03-16 09:30:00,1,0.6897926522068216
2026-03-16 09:45:00,1,0.604670046068887
2026-03-16 10:00:00,1,0.7505453757540569
2026-03-16 10:15:00,0,0.352784314870777
2026-03-16 10:30:00,1,0.656622506962688
2026-03-16 10:45:00,1,0.6685949920491686
2026-03-16 11:00:00,1,0.5896442440561799
2026-03-16 11:15:00,1,0.6278448754350582
2026-03-16 11:30:00,0,0.43062295713491966
2026-03-16 11:45:00,0,0.3139509956995094
2026-03-16 12:00:00,1,0.6439662887080815
2026-03-16 12:15:00,0,0.7269781735770957
2026-03-16 12:30:00,1,0.789059229377389
2026-03-16 12:45:00,0,0.16726534028159692
2026-03-16 13:00:00,0,0.3520678447598938
2026-03-16 13:15:00,1,0.7593496008008758
2026-03-16 13:30:00,1,0.5702649096820549
2026-03-16 13:45:00,1,0.7052428156067786
2026-03-16 14:00:00,1,0.35361944668592127
2026-03-16 14:15:00,0,0.654746868418373
2026-03-16 14:30:00,1,0.7434281762696923
2026-03-16 14:45:00,1,0.6455823302017593
2026-03-16 15:00:00,1,0.683969858657084
2026-03-16 15:15:00,0,0.38539555590782154
2026-03-16 15:30:00,1,0.5610009236109841
2026-03-16 15:45:00,0,0.7975268252086499
2026-03-16 16:00:00,0,0.23565096988256048
2026-03-16 16:15:00,1,0.7276522865595484
2026-03-16 16:30:00,1,0.6945560957018033
2026-03-16 16:45:00,0,0.5671184295204261
2026-03-16 17:00:00,1,0.17524728937632206
2026-03-16 17:15:00,0,0.3631999515193941
2026-03-16 17:30:00,1,0.8596837283945327
2026-03-16 17:45:00,1,0.59647676293923
2026-03-16 18:00:00,1,0.5051093711621284
2026-03-16 18:15:00,1,0.3208055600617344
2026-03-16 18:30:00,0,0.38774242780591117
2026-03-16 18:45:00,1,0.7046167567224932
2026-03-16 19:00:00,0,0.4557151514969542
2026-03-16 19:15:00,0,0.4975570231501026
2026-03-16 19:30:00,1,0.5979977951883206
2026-03-16 19:45:00,0,0.37967650020341537
2026-03-16 20:00:00,0,0.6358331408797938
2026-03-16 20:15:00,0,0.5187057754745902
2026-03-16 20:30:00,0,0.19321828896448126
2026-03-16 20:45:00,1,0.4056620259755698
2026-03-16 21:00:00,1,0.8065088492909113
2026-03-16 21:15:00,0,0.25830544883596074
2026-03-16 21:30:00,0,0.34139850681108647
2026-03-16 21:45:00,1,0.6249424647825693
2026-03-16 22:00:00,1,0.20600117123676506
2026-03-16 22:15:00,1,0.643826182206114
2026-03-16 22:30:00,0,0.6796463342581952
2026-03-16 22:45:00,0,0.24293024162044155
2026-03-16 23:00:00,1,0.34796684333922173
2026-03-16 23:15:00,1,0.46966788237231244
2026-03-16 23:30:00,0,0.5275983919420812
2026-03-16 23:45:00,1,0.44606549637374726
2026-03-17 00:00:00,1,0.7008171653174788
2026-03-17 00:15:00,1,0.663433635776483
2026-03-17 00:30:00,0,0.3921342472255774
2026-03-17 00:45:00,0,0.5274603605165418
2026-03-17 01:00:00,0,0.8801800320555805
2026-03-17 01:15:00,1,0.4839699084112028
2026-03-17 01:30:00,1,0.5684958050429253
2026-03-17 01:45:00,0,0.6115734514026038
2026-03-17 02:00:00,0,0.7962717141901369
2026-03-17 02:15:00,1,0.5049337002389945
2026-03-17 02:30:00,0,0.5289247738410436
2026-03-17 02:45:00,0,0.4547796060844599
2026-03-17 03:00:00,0,0.5850555061422101
2026-03-17 03:15:00,1,0.4575126490182724
2026-03-17 03:30:00,0,0.34868634914661967
2026-03-17 03:45:00,1,0.6314273194571575
2026-03-17 04:00:00,1,0.43392192117936434
2026-03-17 04:15:00,1,0.6220246031463726
2026-03-17 04:30:00,1,0.48110790703678413
2026-03-17 04:45:00,0,0.5338442815174227
2026-03-17 05:00:00,1,0.5010429886701598
2026-03-17 05:15:00,0,0.31069948812002657
2026-03-17 05:30:00,1,0.5985939586834423
2026-03-17 05:45:00,0,0.38498610343126644
2026-03-17 06:00:00,1,0.4956955564038997
2026-03-17 06:15:00,0,0.3811560251062135
2026-03-17 06:30:00,1,0.8513162162629099
2026-03-17 06:45:00,0,0.6607251249075635
2026-03-17 07:00:00,1,0.5310473964021494
2026-03-17 07:15:00,1,0.5112701484478231
2026-03-17 07:30:00,1,0.722023792528751
2026-03-17 07:45:00,1,0.7701088172255469
2026-03-17 08:00:00,0,0.9035975591431997
2026-03-17 08:15:00,0,0.7168001504226429
2026-03-17 08:30:00,0,0.7276079800258499
2026-03-17 08:45:00,1,0.5929584689978838
2026-03-17 09:00:00,1,0.6585013069063214
2026-03-17 09:15:00,1,0.8115497592295241
2026-03-17 09:30:00,0,0.36768138626653873
2026-03-17 09:45:00,1,0.3192072700017118
2026-03-17 10:00:00,1,0.8469212037330962
2026-03-17 10:15:00,1,0.7253776171285408
2026-03-17 10:30:00,1,0.7499544077432957
2026-03-17 10:45:00,1,0.4825259222608182
2026-03-17 11:00:00,1,0.37153883140428823
2026-03-17 11:15:00,0,0.5330212609189187
2026-03-17 11:30:00,1,0.8447054211161273
2026-03-17 11:45:00,1,0.5581070533905642
2026-03-17 12:00:00,1,0.6689404741045814
2026-03-17 12:15:00,0,0.5770980184932049
2026-03-17 12:30:00,1,0.3538122230377851
2026-03-17 12:45:00,0,0.29719893440768247
2026-03-17 13:00:00,0,0.43570955873316075
2026-03-17 13:15:00,1,0.573704550523753
2026-03-17 13:30:00,0,0.32875261197759853
2026-03-17 13:45:00,1,0.42658604911889353
2026-03-17 14:00:00,1,0.5613398201489473
2026-03-17 14:15:00,0,0.4124916236244437
2026-03-17 14:30:00,1,0.27665098289576695
2026-03-17 14:45:00,0,0.5499215432908723
2026-03-17 15:00:00,0,0.48271698213244446
2026-03-17 15:15:00,0,0.4346824373863905
2026-03-17 15:30:00,0,0.24245621765271594
2026-03-17 15:45:00,1,0.6829650750064995
2026-03-17 16:00:00,1,0.2839845491286041
2026-03-17 16:15:00,0,0.37223138685061097
2026-03-17 16:30:00,0,0.2413768572307969
2026-03-17 16:45:00,0,0.48786690100448743
2026-03-17 17:00:00,1,0.8190333042564749
2026-03-17 17:15:00,0,0.311968789316297
2026-03-17 17:30:00,0,0.5976973165786362
2026-03-17 17:45:00,1,0.8269432736688801
2026-03-17 18:00:00,1,0.7894855165248408
2026-03-17 18:15:00,1,0.6616300661561262
2026-03-17 18:30:00,1,0.8303613302252997
2026-03-17 18:45:00,0,0.5454747180683486
2026-03-17 19:00:00,1,0.6879293572974492
2026-03-17 19:15:00,0,0.6317560216313646
2026-03-17 19:30:00,1,0.761031766692724
2026-03-17 19:45:00,0,0.4983251186182382
2026-03-17 20:00:00,0,0.5226496500898463
2026-03-17 20:15:00,1,0.40423429374017433
2026-03-17 20:30:00,0,0.5341737300701862
2026-03-17 20:45:00,0,0.5806252149874946
2026-03-17 21:00:00,0,0.6030248451173326
2026-03-17 21:15:00,0,0.2801906317667059
2026-03-17 21:30:00,0,0.219680313248038
2026-03-17 21:45:00,0,0.6773290350396128
2026-03-17 22:00:00,1,0.8055359527244249
2026-03-17 22:15:00,0,0.4865486000151071
2026-03-17 22:30:00,0,0.8332750834705441
2026-03-17 22:45:00,0,0.6733977352144286
2026-03-17 23:00:00,1,0.6543780112949786
2026-03-17 23:15:00,1,0.4711784419518029
2026-03-17 23:30:00,0,0.6567805457001856
2026-03-17 23:45:00,0,0.7390622847727236
2026-03-18 00:00:00,0,0.6917646976023236
2026-03-18 00:15:00,0,0.43994946816663183
2026-03-18 00:30:00,0,0.27644802492384374
2026-03-18 00:45:00,1,0.6508444747049597
2026-03-18 01:00:00,1,0.7709388962048669
2026-03-18 01:15:00,1,0.477512540324929
2026-03-18 01:30:00,1,0.4430737129854611
2026-03-18 01:45:00,0,0.4638044336689194
2026-03-18 02:00:00,1,0.640195268516311
2026-03-18 02:15:00,0,0.4998957666810553
2026-03-18 02:30:00,1,0.8152636775486842
2026-03-18 02:45:00,0,0.5013646136493558
2026-03-18 03:00:00,1,0.5442279244824025
2026-03-18 03:15:00,0,0.377856438118941
2026-03-18 03:30:00,0,0.29412594269837977
2026-03-18 03:45:00,1,0.5609925189469922
2026-03-18 04:00:00,1,0.5393282359743798
2026-03-18 04:15:00,0,0.7644085524054504
2026-03-18 04:30:00,0,0.10519326959570688
2026-03-18 04:45:00,0,0.5347888543306627
2026-03-18 05:00:00,0,0.39698186101267324
2026-03-18 05:15:00,1,0.5853932571825337
2026-03-18 05:30:00,0,0.11852214668225076
2026-03-18 05:45:00,0,0.3919318442539343
2026-03-18 06:00:00,1,0.17166308983637013
2026-03-18 06:15:00,1,0.3725868620269727
2026-03-18 06:30:00,0,0.2670337293808962
2026-03-18 06:45:00,0,0.4780761887078246
2026-03-18 07:00:00,0,0.6921835890121367
2026-03-18 07:15:00,0,0.6099563357839565
2026-03-18 07:30:00,0,0.5227251053679662
2026-03-18 07:45:00,0,0.6349875580974582
2026-03-18 08:00:00,0,0.21578942393395775
2026-03-18 08:15:00,1,0.8062464343979018
2026-03-18 08:30:00,1,0.6448149887202507
2026-03-18 08:45:00,1,0.3268875032529313
2026-03-18 09:00:00,0,0.6210412190786972
2026-03-18 09:15:00,0,0.6803845862258182
2026-03-18 09:30:00,1,0.5324540014777103
2026-03-18 09:45:00,1,0.5770638975990475
2026-03-18 10:00:00,0,0.2797525564679045
2026-03-18 10:15:00,1,0.4077840481738997
2026-03-18 10:30:00,1,0.2504237699432881
2026-03-18 10:45:00,1,0.8063053286595286
2026-03-18 11:00:00,1,0.7729820672411191
2026-03-18 11:15:00,0,0.4757710640896868
2026-03-18 11:30:00,0,0.7882671053521381
2026-03-18 11:45:00,0,0.2642318589408375
2026-03-18 12:00:00,1,0.8193193591703913
2026-03-18 12:15:00,0,0.5032852011435288
2026-03-18 12:30:00,0,0.36890583420443773
2026-03-18 12:45:00,0,0.5332606864070009
2026-03-18 13:00:00,0,0.46457182534083546
2026-03-18 13:15:00,1,0.7674554614050256
2026-03-18 13:30:00,1,0.7669669250015986
2026-03-18 13:45:00,1,0.6002671713554193
2026-03-18 14:00:00,1,0.7789733264343558
2026-03-18 14:15:00,0,0.6909560677684512
2026-03-18 14:30:00,1,0.48455009467051297
2026-03-18 14:45:00,0,0.5296934720715476
2026-03-18 15:00:00,0,0.14042146796899416
2026-03-18 15:15:00,1,0.8021075498424975
2026-03-18 15:30:00,0,0.2702193426980313
2026-03-18 15:45:00,1,0.4407687730804155
2026-03-18 16:00:00,1,0.7032826697793644
2026-03-18 16:15:00,1,0.312591987561735
2026-03-18 16:30:00,1,0.803719498440303
2026-03-18 16:45:00,0,0.5750606333818419
2026-03-18 17:00:00,0,0.3945804240534561
2026-03-18 17:15:00,1,0.4574209309472792
2026-03-18 17:30:00,0,0.38766056711846114
2026-03-18 17:45:00,0,0.5351814581822004
2026-03-18 18:00:00,0,0.7901698724135883
2026-03-18 18:15:00,1,0.6809669651775418
2026-03-18 18:30:00,1,0.4089241763764204
2026-03-18 18:45:00,0,0.6897156131351209
2026-03-18 19:00:00,1,0.20022526412552985
2026-03-18 19:15:00,1,0.712608987276107
2026-03-18 19:30:00,0,0.4466796529807606
2026-03-18 19:45:00,0,0.31619047918291127
2026-03-18 20:00:00,1,0.6650554673771225
2026-03-18 20:15:00,1,0.8176754636181852
2026-03-18 20:30:00,0,0.25307859939219046
2026-03-18 20:45:00,0,0.43458279031976316
2026-03-18 21:00:00,0,0.34528213578332245
2026-03-18 21:15:00,0,0.722412354956788
2026-03-18 21:30:00,1,0.7264805337313122
2026-03-18 21:45:00,1,0.38259317138960114
2026-03-18 22:00:00,0,0.736583933574062
2026-03-18 22:15:00,0,0.7059475482187907
2026-03-18 22:30:00,1,0.6202799852668247
2026-03-18 22:45:00,0,0.2983989259837206
2026-03-19 02:00:00,1,0.8931574688471677
2026-03-19 02:15:00,1,0.4964232593698774
2026-03-19 02:30:00,1,0.5247413873711718
2026-03-19 02:45:00,1,0.5655352522241087
2026-03-19 03:00:00,0,0.3975627381054691
2026-03-19 03:15:00,0,0.7417948668226164
2026-03-19 03:30:00,0,0.30353765633318436
2026-03-19 03:45:00,0,0.5888316154121873
2026-03-19 04:00:00,1,0.8614637143049046
2026-03-19 04:15:00,1,0.6917121509301691
2026-03-19 04:30:00,0,0.7405159895620846
2026-03-19 04:45:00,0,0.6613314493301555
2026-03-19 05:00:00,0,0.3912683064730741
2026-03-19 05:15:00,0,0.18421768280624595
2026-03-19 05:30:00,1,0.5191371115395138
2026-03-19 05:45:00,0,0.30948885915756696
2026-03-19 06:00:00,0,0.3835188406297794
2026-03-19 06:15:00,1,0.7950172969014301
2026-03-19 06:30:00,1,0.48409899216124963
2026-03-19 06:45:00,1,0.3929471401503829
2026-03-19 07:00:00,0,0.6245765821048925
2026-03-19 07:15:00,0,0.34894788120201553
2026-03-19 07:30:00,1,0.7786010917184376
2026-03-19 07:45:00,1,0.4229296738638556
2026-03-19 08:00:00,1,0.7099631010986335
2026-03-19 08:15:00,0,0.6019722822314086
2026-03-19 08:30:00,0,0.6230538658230628
2026-03-19 08:45:00,1,0.4752813894418847
2026-03-19 09:00:00,0,0.6223879893354911
2026-03-19 09:15:00,1,0.35073313133847805
2026-03-19 09:30:00,0,0.2496785213880422
2026-03-19 09:45:00,0,0.44736694017267203
2026-03-19 10:00:00,0,0.4245873635241959
2026-03-19 10:15:00,1,0.7173049425744109
2026-03-19 10:30:00,0,0.48506000491538953
2026-03-19 10:45:00,1,0.5931427950390347
2026-03-19 11:00:00,1,0.3660844645036131
2026-03-19 11:15:00,0,0.5579189163640416
2026-03-19 11:30:00,1,0.5447419230667865
2026-03-19 11:45:00,1,0.48348374434571906
2026-03-19 12:00:00,1,0.8398515934733327
2026-03-19 12:15:00,0,0.512897383538956
2026-03-19 12:30:00,1,0.5052488825440499
2026-03-19 12:45:00,0,0.3385005740428013
2026-03-19 13:00:00,0,0.40358686707661057
2026-03-19 13:15:00,1,0.7837384246395916
2026-03-19 13:30:00,1,0.7123751030092428
2026-03-19 13:45:00,0,0.5794127187332025
2026-03-19 14:00:00,1,0.677218170395612
2026-03-19 14:15:00,0,0.3357621827010635
2026-03-19 14:30:00,0,0.5107841669174774
2026-03-19 14:45:00,0,0.40145462773044555
2026-03-19 15:00:00,1,0.5276522402256134
2026-03-19 15:15:00,0,0.2324382840557791
2026-03-19 15:30:00,0,0.3053239342758341
2026-03-19 15:45:00,1,0.45125308889372373
2026-03-19 16:00:00,1,0.6650510592459059
2026-03-19 16:15:00,0,0.2152873601390747
2026-03-19 16:30:00,0,0.28292596850974394
2026-03-19 16:45:00,1,0.6321451913193529
2026-03-19 17:00:00,1,0.579869608832208
2026-03-19 17:15:00,1,0.6911025491281408
2026-03-19 17:30:00,1,0.5820859416245364
2026-03-19 17:45:00,1,0.7122620450322231
2026-03-19 18:00:00,1,0.8441731741947389
2026-03-19 18:15:00,0,0.5682393237014378
2026-03-19 18:30:00,1,0.7900810418955986
2026-03-19 18:45:00,0,0.29027507021302834
2026-03-19 19:00:00,0,0.2724602750179691
2026-03-19 19:15:00,0,0.2332561881954221
2026-03-19 19:30:00,1,0.27918111858557937
2026-03-19 19:45:00,1,0.4714670451436247
2026-03-19 20:00:00,1,0.552483337636051
2026-03-19 20:15:00,1,0.44475317113265794
2026-03-19 20:30:00,0,0.8105697278526147
2026-03-19 20:45:00,1,0.6233318132161403
2026-03-19 21:00:00,1,0.5657196617239252
2026-03-19 21:15:00,0,0.29766322493132763
2026-03-19 21:30:00,0,0.13649028701777008
2026-03-19 21:45:00,1,0.5650527088596744
2026-03-19 22:00:00,1,0.4051987203988803
2026-03-19 22:15:00,0,0.6074727433156923
2026-03-19 22:30:00,1,0.44249404888792593
2026-03-19 22:45:00,0,0.3531768099776322
2026-03-19 23:00:00,0,0.5406639164677312
2026-03-19 23:15:00,0,0.3012299962583947
2026-03-19 23:30:00,1,0.6159897253582002
2026-03-19 23:45:00,1,0.6402286110837044
2026-03-20 00:00:00,0,0.12367579141257529
2026-03-20 00:15:00,1,0.8183375051953587
2026-03-20 00:30:00,1,0.6191601077646505
2026-03-20 00:45:00,1,0.5029777186185416
2026-03-20 01:00:00,1,0.3669206616764361
2026-03-20 01:15:00,1,0.47962248844454813
2026-03-20 01:30:00,0,0.22875073928135914
2026-03-20 01:45:00,0,0.313028223436343
2026-03-20 02:00:00,0,0.2964134899708647
2026-03-20 02:15:00,0,0.24584486678578926
2026-03-20 02:30:00,1,0.8321446373701061
2026-03-20 02:45:00,0,0.2476596159398503
2026-03-20 03:00:00,0,0.46854847059547877
2026-03-20 03:15:00,0,0.6754508400381128
2026-03-20 03:30:00,1,0.6955777390268324
2026-03-20 03:45:00,1,0.6528821036935738
2026-03-20 04:00:00,1,0.46445738486492805
2026-03-20 04:15:00,0,0.18446961629390546
2026-03-20 04:30:00,0,0.49364942791704636
2026-03-20 04:45:00,1,0.41082310441128395
2026-03-20 05:00:00,1,0.40960901553306384
2026-03-20 05:15:00,0,0.40649451487542293
2026-03-20 05:30:00,0,0.2814642683665533
2026-03-20 05:45:00,1,0.5559021501987217
2026-03-20 06:00:00,0,0.614049385876308
2026-03-20 06:15:00,1,0.8302169747543057
2026-03-20 06:30:00,0,0.11365775662776628
2026-03-20 06:45:00,0,0.4936594315502128
2026-03-20 07:00:00,0,0.4440632062348022
2026-03-20 07:15:00,1,0.5580794803183121
2026-03-20 07:30:00,1,0.7452418715817273
2026-03-20 07:45:00,0,0.43147528550650893
2026-03-20 08:00:00,1,0.6242291966511494
2026-03-20 08:15:00,1,0.4521575828136486
2026-03-20 08:30:00,1,0.6490338968666473
2026-03-20 08:45:00,0,0.39371945748419535
2026-03-20 09:00:00,1,0.6802099187151078
2026-03-20 09:15:00,1,0.3703017784115698
2026-03-20 09:30:00,0,0.14886598975106038
2026-03-20 09:45:00,1,0.6880444749734945
2026-03-20 10:00:00,0,0.7232500797861505
2026-03-20 10:15:00,0,0.5079741885059615
2026-03-20 10:30:00,0,0.3515843589482618
2026-03-20 10:45:00,1,0.7510586156789935
2026-03-20 11:00:00,1,0.48096949935836425
2026-03-20 11:15:00,0,0.5261796287181999
2026-03-20 11:30:00,1,0.38936607113902016
2026-03-20 11:45:00,1,0.8622376510205557
2026-03-20 12:00:00,1,0.8171328203826906
2026-03-20 12:15:00,1,0.4397791738290663
2026-03-20 12:30:00,1,0.5879738483179171
2026-03-20 12:45:00,1,0.5178832948491712
2026-03-20 13:00:00,1,0.370533629634523
2026-03-20 13:15:00,0,0.3799164759393833
2026-03-20 13:30:00,0,0.230643682425093
2026-03-20 13:45:00,1,0.6163529347251357
2026-03-20 14:00:00,1,0.3373138524420939
2026-03-20 14:15:00,1,0.8024551667972211
2026-03-20 14:30:00,0,0.591126140869331
2026-03-20 14:45:00,1,0.7363358079527647
2026-03-20 15:00:00,1,0.8714198997167238
2026-03-20 15:15:00,0,0.7863803376322346
2026-03-20 15:30:00,0,0.33635545590505994
2026-03-20 15:45:00,1,0.45736260676247176
2026-03-20 16:00:00,0,0.275198648074809
2026-03-20 16:15:00,0,0.3578345520688093
2026-03-20 16:30:00,1,0.4641177866886995
2026-03-20 16:45:00,0,0.29778989327261973
2026-03-20 17:00:00,1,0.6996437734919455
2026-03-20 17:15:00,1,0.8625474830495574
2026-03-20 17:30:00,0,0.44573687581166277
2026-03-20 17:45:00,1,0.4380425663836659
2026-03-20 18:00:00,0,0.6217208898265291
2026-03-20 18:15:00,0,0.2259129372521386
2026-03-20 18:30:00,0,0.22633253278322513
2026-03-20 18:45:00,0,0.5667232281421731
2026-03-20 19:00:00,0,0.5302243046712678
2026-03-20 19:15:00,1,0.7253409806919566
2026-03-20 19:30:00,1,0.23483176340884354
2026-03-20 19:45:00,1,0.5740177313347079
2026-03-20 20:00:00,0,0.3235517729489195
2026-03-20 20:15:00,1,0.42476144087526374
2026-03-20 20:30:00,0,0.2462074129661632
2026-03-20 20:45:00,1,0.508756214595479
2026-03-20 21:00:00,1,0.7060806648189045
2026-03-20 21:15:00,1,0.5982749096154383
2026-03-20 21:30:00,0,0.1271042111722679
2026-03-20 21:45:00,1,0.5941555652009265
2026-03-20 22:00:00,0,0.7639437975442883
2026-03-20 22:15:00,1,0.8575069641289575
2026-03-20 22:30:00,0,0.6102885947073594
2026-03-20 22:45:00,0,0.5785249992035152
2026-03-20 23:00:00,1,0.6413324699306372
2026-03-20 23:15:00,1,0.5033198311224458
2026-03-20 23:30:00,1,0.4413705377147384
2026-03-20 23:45:00,0,0.44997004093099574
2026-03-21 00:00:00,0,0.6282362053835527
2026-03-21 00:15:00,1,0.5815044510554953
2026-03-21 00:30:00,0,0.204528000205738
2026-03-21 00:45:00,0,0.16857995204377854
2026-03-21 01:00:00,1,0.54851609476271
2026-03-21 01:15:00,0,0.18451323542661557
2026-03-21 01:30:00,1,0.721448604870039
2026-03-21 01:45:00,0,0.25887492638790927
2026-03-21 02:00:00,1,0.7929568383202039
2026-03-21 02:15:00,0,0.3012037289213563
2026-03-21 02:30:00,1,0.6247852483221107
2026-03-21 02:45:00,1,0.5464800261377011
2026-03-21 03:00:00,0,0.39497581168378937
2026-03-21 03:15:00,0,0.5567328319743662
2026-03-21 03:30:00,0,0.6253802970765078
2026-03-21 03:45:00,1,0.45275925671299544
2026-03-21 04:00:00,0,0.5987359713689927
2026-03-21 04:15:00,1,0.5989690495538794
2026-03-21 04:30:00,1,0.30449388644899983
2026-03-21 04:45:00,1,0.42604489098078363
2026-03-21 05:00:00,1,0.7488722603021136
2026-03-21 05:15:00,1,0.5313595354199743
2026-03-21 05:30:00,0,0.2932534788471193
2026-03-21 05:45:00,0,0.29424838348783117
2026-03-21 06:00:00,1,0.5736098334776524
2026-03-21 06:15:00,1,0.7959787009620827
2026-03-21 06:30:00,0,0.6152294295664005
2026-03-21 06:45:00,1,0.4573435015865115
2026-03-21 07:00:00,1,0.8164463429484156
2026-03-21 07:15:00,0,0.34040325291345547
2026-03-21 07:30:00,1,0.5404515131522333
2026-03-21 07:45:00,0,0.25761823672800205
2026-03-21 08:00:00,1,0.6739923040044606
2026-03-21 08:15:00,1,0.27700729754031206
2026-03-21 08:30:00,1,0.7284497600503737
2026-03-21 08:45:00,0,0.4488155685039611
2026-03-21 09:00:00,0,0.4805029850997768
2026-03-21 09:15:00,0,0.6671221338653796
2026-03-21 09:30:00,0,0.7190792656389485
2026-03-21 09:45:00,0,0.7155528497571244
2026-03-21 10:00:00,0,0.6540166240108362
2026-03-21 10:15:00,1,0.7083669495926059
2026-03-21 10:30:00,1,0.7330504606514154
2026-03-21 10:45:00,0,0.5121592833741254
2026-03-21 11:00:00,1,0.5973419880225898
2026-03-21 11:15:00,1,0.6601700467240097
2026-03-21 11:30:00,1,0.5257329828370623
2026-03-21 11:45:00,0,0.37309792448475365
2026-03-21 12:00:00,1,0.6687877626329977
2026-03-21 12:15:00,0,0.38788004045466046
2026-03-21 12:30:00,0,0.3043735833571737
2026-03-21 12:45:00,1,0.6484291464696229
2026-03-21 13:00:00,1,0.5623602967490652
2026-03-21 13:15:00,1,0.2657643996601416
2026-03-21 13:30:00,1,0.7182786115526929
2026-03-21 13:45:00,1,0.7445031003703559
2026-03-21 14:00:00,0,0.3523835111931292
2026-03-21 14:15:00,0,0.5399949043599739
2026-03-21 14:30:00,1,0.6684451667946789
2026-03-21 14:45:00,0,0.44198422011046007
2026-03-21 15:00:00,0,0.3948947982311374
2026-03-21 15:15:00,0,0.5945361119466934
2026-03-21 15:30:00,1,0.46618793721003
2026-03-21 15:45:00,0,0.3171587576347537
2026-03-21 16:00:00,0,0.23351094098611697
2026-03-21 16:15:00,0,0.5395030182675645
2026-03-21 16:30:00,1,0.5648602065150264
2026-03-21 16:45:00,0,0.08696098629084661
2026-03-21 17:00:00,0,0.1303648232112958
2026-03-21 17:15:00,1,0.8335390788213345
2026-03-21 17:30:00,1,0.8401848208198794
2026-03-21 17:45:00,0,0.4965607721382644
2026-03-21 18:00:00,1,0.7921856682577154
2026-03-21 18:15:00,1,0.45594448652123687
2026-03-21 18:30:00,0,0.6204561315228968
2026-03-21 18:45:00,1,0.7036741902125802
2026-03-21 19:00:00,1,0.7350798721685372
2026-03-21 19:15:00,1,0.5055901907411868
2026-03-21 19:30:00,0,0.27921852635862054
2026-03-21 19:45:00,1,0.41966285819906624
2026-03-21 20:00:00,1,0.16748404004246295
2026-03-21 20:15:00,1,0.451569832933583
2026-03-21 20:30:00,0,0.30443700652853156
2026-03-21 20:45:00,0,0.3597342764291263
2026-03-21 21:00:00,1,0.621785392705707
2026-03-21 21:15:00,0,0.7550828376248181
2026-03-21 21:30:00,1,0.4848925353216671
2026-03-21 21:45:00,0,0.6816616273129412
2026-03-21 22:00:00,0,0.2829665375416517
2026-03-21 22:15:00,0,0.32644132253436253
2026-03-21 22:30:00,1,0.6992940695281268
2026-03-21 22:45:00,0,0.5990889302005548
2026-03-21 23:00:00,0,0.24617611717184268
2026-03-21 23:15:00,1,0.4607547089406457
2026-03-21 23:30:00,0,0.4832306279716722
2026-03-21 23:45:00,0,0.3022777932705887
2026-03-22 00:00:00,1,0.6319699180200072
2026-03-22 00:15:00,1,0.43639341521940894
2026-03-22 00:30:00,0,0.3589625750338161
2026-03-22 00:45:00,0,0.7911369469479199
2026-03-22 01:00:00,1,0.19448562555761095
2026-03-22 01:15:00,0,0.36298741840464405
2026-03-22 01:30:00,1,0.6658433745726277
2026-03-22 01:45:00,1,0.6137382038196527
2026-03-22 02:00:00,1,0.584524017194848
2026-03-22 02:15:00,0,0.2329287646964423
2026-03-22 02:30:00,1,0.6246430805285512
2026-03-22 02:45:00,1,0.47384964886660397
2026-03-22 03:00:00,0,0.3679946999349559
2026-03-22 03:15:00,0,0.3780140747366879
2026-03-22 03:30:00,0,0.7048292829205905
2026-03-22 03:45:00,1,0.7848755636870037
2026-03-22 04:00:00,1,0.4587185870180021
2026-03-22 04:15:00,0,0.3382177295928692
2026-03-22 04:30:00,0,0.5657173425811876
2026-03-22 04:45:00,0,0.3174992650908053
2026-03-22 05:00:00,1,0.738847262566951
2026-03-22 05:15:00,1,0.8272525423711782
2026-03-22 05:30:00,0,0.42847672731853415
2026-03-22 05:45:00,1,0.5301651695640374
2026-03-22 06:00:00,1,0.8483475512040597
2026-03-22 06:15:00,1,0.42057931894525635
2026-03-22 06:30:00,0,0.4707245616391272
2026-03-22 06:45:00,1,0.5243539890871493
2026-03-22 07:00:00,1,0.2857525879553395
2026-03-22 07:15:00,1,0.4599614904022696
2026-03-22 07:30:00,1,0.5126058788226106
2026-03-22 07:45:00,0,0.27070830088087494
2026-03-22 08:00:00,1,0.8025426635963951
2026-03-22 08:15:00,0,0.4709762676310783
2026-03-22 08:30:00,0,0.4252854679612784
2026-03-22 08:45:00,1,0.4580261714539642
2026-03-22 09:00:00,0,0.4679951622887603
2026-03-22 09:15:00,0,0.6200094989040381
2026-03-22 09:30:00,1,0.510060710165515
2026-03-22 09:45:00,1,0.8223705330438098
2026-03-22 10:00:00,1,0.3849792937588431
2026-03-22 10:15:00,0,0.4697345820743048
2026-03-22 10:30:00,0,0.5046346017883526
2026-03-22 10:45:00,0,0.5700017407659316
2026-03-22 11:00:00,1,0.2155078265714438
2026-03-22 11:15:00,0,0.5210957161915143
2026-03-22 11:30:00,0,0.41366124947245325
2026-03-22 11:45:00,1,0.6545022714742889
2026-03-22 12:00:00,0,0.3856970369826161
2026-03-22 12:15:00,0,0.5040218264165954
2026-03-22 12:30:00,1,0.267432408201084
2026-03-22 12:45:00,0,0.33297046727058993
2026-03-22 13:00:00,1,0.8539627015640235
2026-03-22 13:15:00,0,0.6662390398298061
2026-03-22 13:30:00,1,0.6646375680836197
2026-03-22 13:45:00,0,0.4134254124000051
2026-03-22 14:00:00,0,0.667150521567418
2026-03-22 14:15:00,1,0.28873526833761604
2026-03-22 14:30:00,1,0.47335342214044984
2026-03-22 14:45:00,1,0.31506685975440896
2026-03-22 15:00:00,1,0.14427660712287313
2026-03-22 15:15:00,1,0.6670378573001299
2026-03-22 15:30:00,0,0.6305323723359936
2026-03-22 15:45:00,1,0.6455170294699605
2026-03-22 16:00:00,1,0.509328523522521
2026-03-22 16:15:00,0,0.33145236047098703
2026-03-22 16:30:00,1,0.5257252923519485
2026-03-22 16:45:00,0,0.4204585703636316
2026-03-22 17:00:00,1,0.6678813438147821
2026-03-22 17:15:00,1,0.3183485922499888
2026-03-22 17:30:00,0,0.26816545111026036
2026-03-22 17:45:00,0,0.6074374641372122
2026-03-22 18:00:00,1,0.3685744055835371
2026-03-22 18:15:00,1,0.8424642606818412
2026-03-22 18:30:00,0,0.5131758333583629
2026-03-22 18:45:00,0,0.7479021143655478
2026-03-22 19:00:00,0,0.6128143664789446
2026-03-22 19:15:00,1,0.5569624022807261
2026-03-22 19:30:00,1,0.5865128394162967
2026-03-22 19:45:00,1,0.40922758091642847
2026-03-22 20:00:00,0,0.8494413484577188
2026-03-22 20:15:00,0,0.5073151241045294
2026-03-22 20:30:00,0,0.6442878142987684
2026-03-22 20:45:00,0,0.5588646444211554
2026-03-22 21:00:00,1,0.6308210488836463
2026-03-22 21:15:00,1,0.6765573762550053
2026-03-22 21:30:00,1,0.6457728327080031
2026-03-22 21:45:00,1,0.7224819183299507
2026-03-22 22:00:00,1,0.8098639289133005
2026-03-22 22:15:00,0,0.6090152486735826
2026-03-22 22:30:00,0,0.2755185446138565
2026-03-22 22:45:00,1,0.45128628613151783
2026-03-22 23:00:00,0,0.20079397874320865
2026-03-22 23:15:00,0,0.6346245442083708
2026-03-22 23:30:00,0,0.2404766072517417
2026-03-22 23:45:00,1,0.7605879512544268
2026-03-23 00:00:00,1,0.2767623720405651
2026-03-23 00:15:00,0,0.5533516007934165
2026-03-23 00:30:00,1,0.7704753640092548
2026-03-23 00:45:00,1,0.766545010735031
2026-03-23 01:00:00,1,0.8042771544554372
2026-03-23 01:15:00,0,0.31283466548083555
2026-03-23 01:30:00,1,0.7662662358800489
2026-03-23 01:45:00,0,0.4868542682703629
2026-03-23 02:00:00,0,0.40656110945320484
2026-03-23 02:15:00,0,0.7364324230595263
2026-03-23 02:30:00,0,0.3768058349480364
2026-03-23 02:45:00,1,0.8506004578611358
2026-03-23 03:00:00,1,0.7264933428859703
2026-03-23 03:15:00,0,0.39910119729941135
2026-03-23 03:30:00,0,0.3987097008066674
2026-03-23 03:45:00,1,0.6358011287157577
2026-03-23 04:00:00,1,0.7650717743463188
2026-03-23 04:15:00,0,0.44102403068566887
2026-03-23 04:30:00,1,0.7850836448928659
2026-03-23 04:45:00,0,0.1981041553151231
2026-03-23 05:00:00,0,0.26541210331978193
2026-03-23 05:15:00,1,0.7603134760110676
2026-03-23 05:30:00,1,0.3168973716693464
2026-03-23 05:45:00,1,0.669490108189698
2026-03-23 06:00:00,1,0.5199170606838871
2026-03-23 06:15:00,1,0.5616024823526851
2026-03-23 06:30:00,1,0.38629106370815613
2026-03-23 06:45:00,1,0.3307035517346557
2026-03-23 07:00:00,1,0.6938830828413518
2026-03-23 07:15:00,0,0.6513781340790687
2026-03-23 07:30:00,1,0.509317030640143
2026-03-23 07:45:00,1,0.501992717011752
2026-03-23 08:00:00,0,0.7664138291632945
2026-03-23 08:15:00,0,0.32785391300993333
2026-03-23 08:30:00,0,0.573526424298949
2026-03-23 08:45:00,0,0.47351959831576307
2026-03-23 09:00:00,1,0.7090997576886037
2026-03-23 09:15:00,0,0.3717782530177855
2026-03-23 09:30:00,1,0.6781318040683377
2026-03-23 09:45:00,1,0.8803088768526492
2026-03-23 10:00:00,1,0.5743249120160523
2026-03-23 10:15:00,0,0.3637910814181364
2026-03-23 10:30:00,1,0.7389735831733897
2026-03-23 10:45:00,1,0.6658864318158788
2026-03-23 11:00:00,0,0.6534459232756102
2026-03-23 11:15:00,0,0.40917246166764487
2026-03-23 11:30:00,1,0.7951989824710153
2026-03-23 11:45:00,1,0.6421655997842473
2026-03-23 12:00:00,0,0.4151346861022476
2026-03-23 12:15:00,1,0.4524339163434318
2026-03-23 12:30:00,0,0.47983566150004564
2026-03-23 12:45:00,0,0.5625954829485529
2026-03-23 13:00:00,1,0.28953515899074844
2026-03-23 13:15:00,1,0.4874089285332985
2026-03-23 13:30:00,1,0.6710941330747995
2026-03-23 13:45:00,0,0.4118929645505691
2026-03-23 14:00:00,0,0.6861976023688634
2026-03-23 14:15:00,1,0.6848606798081455
2026-03-23 14:30:00,1,0.5787799126737935
2026-03-23 14:45:00,0,0.43585961594879663
2026-03-23 15:00:00,0,0.20851858239298346
2026-03-23 15:15:00,0,0.26603933784061734
2026-03-23 15:30:00,1,0.1893653543114197
2026-03-23 15:45:00,1,0.5483099810267443
2026-03-23 16:00:00,0,0.49831272782406166
2026-03-23 16:15:00,1,0.2987575043728629
2026-03-23 16:30:00,1,0.4928292421503604
2026-03-23 16:45:00,1,0.7194678640455557
2026-03-23 17:00:00,0,0.7237929502966894
2026-03-23 17:15:00,0,0.247247521696003
2026-03-23 17:30:00,0,0.23173563092958038
2026-03-23 17:45:00,1,0.6684185072421601
2026-03-23 18:00:00,0,0.42913058852400443
2026-03-23 18:15:00,1,0.38772067528865783
2026-03-23 18:30:00,0,0.3647510181163317
2026-03-23 18:45:00,1,0.6318302824147727
2026-03-23 19:00:00,0,0.5265523555754034
2026-03-23 19:15:00,1,0.47339970658485786
2026-03-23 19:30:00,1,0.6725245547543863
2026-03-23 19:45:00,0,0.6858771904313452
2026-03-23 20:00:00,1,0.43117703218176723
2026-03-23 20:15:00,1,0.5791222469670355
2026-03-23 20:30:00,0,0.23440524052322997
2026-03-23 20:45:00,1,0.6779248867223623
2026-03-23 21:00:00,1,0.523786493084539
2026-03-23 21:15:00,0,0.3811187076634412
2026-03-23 21:30:00,0,0.1264831142079305
2026-03-23 21:45:00,1,0.6173381649828412
2026-03-23 22:00:00,0,0.2014275761503851
2026-03-23 22:15:00,0,0.5084018810154134
2026-03-23 22:30:00,1,0.7217718996677482
2026-03-23 22:45:00,0,0.556279671968714
2026-03-23 23:00:00,1,0.7794880442042553
2026-03-23 23:15:00,1,0.7421484091993465
2026-03-23 23:30:00,1,0.7804682074756224
2026-03-23 23:45:00,1,0.6653593467322246
2026-03-24 00:00:00,1,0.4746674731678802
2026-03-24 00:15:00,1,0.7589448583020247
2026-03-24 00:30:00,0,0.2669567878317507
2026-03-24 00:45:00,1,0.28789460475653744
2026-03-24 01:00:00,0,0.25397065928700513
2026-03-24 01:15:00,0,0.2691026674277212
2026-03-24 01:30:00,1,0.5827201948728312
2026-03-24 01:45:00,0,0.6520287539733784
2026-03-24 02:00:00,0,0.6401765977861028
2026-03-24 02:15:00,1,0.6886616181683055
2026-03-24 02:30:00,1,0.7265180496637117
2026-03-24 02:45:00,1,0.3173982781892779
2026-03-24 03:00:00,0,0.31653203816445624
2026-03-24 03:15:00,0,0.2808811008348488
2026-03-24 03:30:00,1,0.646011353634611
2026-03-24 03:45:00,1,0.2511392675109562
2026-03-24 04:00:00,0,0.16867888277732412
2026-03-24 04:15:00,0,0.24697504383574292
2026-03-24 04:30:00,1,0.5277711018533626
2026-03-24 04:45:00,0,0.6943486202446005
2026-03-24 05:00:00,0,0.2435894774380665
2026-03-24 05:15:00,0,0.440137043361107
2026-03-24 05:30:00,0,0.4172290333879473
2026-03-24 05:45:00,1,0.5559620983037159
2026-03-24 06:00:00,0,0.7244877272403978
2026-03-24 06:15:00,0,0.29410476812063613
2026-03-24 06:30:00,0,0.7228349625259742
2026-03-24 06:45:00,0,0.7262604245194363
2026-03-24 07:00:00,0,0.7504657067969522
2026-03-24 07:15:00,1,0.5559870711620997
2026-03-24 07:30:00,0,0.6288656689272831
2026-03-24 07:45:00,1,0.36285338006772916
2026-03-24 08:00:00,1,0.7006381139204944
2026-03-24 08:15:00,1,0.6590037831459341
2026-03-24 08:30:00,0,0.18455460928775463
2026-03-24 08:45:00,0,0.42503421633071564
2026-03-24 09:00:00,1,0.4084376159751194
2026-03-24 09:15:00,0,0.7358366822452589
2026-03-24 09:30:00,0,0.4974115541641606
2026-03-24 09:45:00,0,0.47472061376012936
2026-03-24 10:00:00,0,0.5244742734825214
2026-03-24 10:15:00,0,0.5644078487331265
2026-03-24 10:30:00,0,0.6161862705091314
2026-03-24 10:45:00,1,0.5720548243902198
2026-03-24 11:00:00,1,0.500289750032476
2026-03-24 11:15:00,1,0.5779713037792674
2026-03-24 11:30:00,1,0.841043482526757
2026-03-24 11:45:00,0,0.4719972865387187
2026-03-24 12:00:00,1,0.7010515177952178
2026-03-24 12:15:00,0,0.5138358612249652
2026-03-24 12:30:00,0,0.3100534225467297
2026-03-24 12:45:00,0,0.21022795650388607
2026-03-24 13:00:00,1,0.6864088179068614
2026-03-24 13:15:00,1,0.7128482773202672
2026-03-24 13:30:00,1,0.7315474907620062
2026-03-24 13:45:00,1,0.30087563150905006
2026-03-24 14:00:00,0,0.7114941128232917
2026-03-24 14:15:00,1,0.427709200456099
2026-03-24 14:30:00,1,0.5592548330785994
2026-03-24 14:45:00,1,0.58960437281254
2026-03-24 15:00:00,1,0.3608560182451992
2026-03-24 15:15:00,0,0.25589066196493426
2026-03-24 15:30:00,0,0.41357293603006234
2026-03-24 15:45:00,1,0.3712381718895156
2026-03-24 16:00:00,1,0.34156598783158376
2026-03-24 16:15:00,1,0.6051473543760221
2026-03-24 16:30:00,0,0.6991760461751059
2026-03-24 16:45:00,0,0.24221430058981178
2026-03-24 17:00:00,1,0.49403327600950664
2026-03-24 17:15:00,0,0.2877660699041829
2026-03-24 17:30:00,1,0.580134302546723
2026-03-24 17:45:00,0,0.6461890960634709
2026-03-24 18:00:00,0,0.4339178335954998
2026-03-24 18:15:00,0,0.28895088640218713
2026-03-24 18:30:00,1,0.349350602616972
2026-03-24 18:45:00,0,0.6329396995014305
2026-03-24 19:00:00,0,0.28032199540861935
2026-03-24 19:15:00,1,0.31338521563105554
2026-03-24 19:30:00,1,0.35986114865657903
2026-03-24 19:45:00,0,0.6502167491274565
2026-03-24 20:00:00,1,0.6261054050550185
2026-03-24 20:15:00,1,0.31706870815692567
2026-03-24 20:30:00,1,0.854123037185694
2026-03-24 20:45:00,0,0.656760044631702
2026-03-24 21:00:00,1,0.6841194024930585
2026-03-24 21:15:00,1,0.29983068832619597
2026-03-24 21:30:00,0,0.28855829921903087
2026-03-24 21:45:00,1,0.29937352662224553
2026-03-24 22:00:00,1,0.576398159594186
2026-03-24 22:15:00,0,0.28271448833920665
2026-03-24 22:30:00,1,0.6449387727843254
2026-03-24 22:45:00,0,0.35168100859731094
2026-03-24 23:00:00,0,0.6708037250868174
2026-03-24 23:15:00,1,0.8672314963195228
2026-03-24 23:30:00,0,0.3655645238826611
2026-03-24 23:45:00,0,0.5109365395825018
2026-03-25 00:00:00,1,0.7234584585788667
2026-03-25 00:15:00,0,0.566215355939597
2026-03-25 00:30:00,1,0.8326658676556138
2026-03-25 00:45:00,0,0.12786347903569706
2026-03-25 01:00:00,0,0.7678085510366855
2026-03-25 01:15:00,1,0.9096609335371036
2026-03-25 01:30:00,1,0.6652141924876196
2026-03-25 01:45:00,0,0.25663226092485886
2026-03-25 02:00:00,1,0.5168361378732298
2026-03-25 02:15:00,0,0.7377430118275137
2026-03-25 02:30:00,0,0.6669431874017282
2026-03-25 02:45:00,1,0.2065148000552507
2026-03-25 03:00:00,1,0.7570336770747219
2026-03-25 03:15:00,0,0.6344733197221799
2026-03-25 03:30:00,1,0.31109127516664825
2026-03-25 03:45:00,1,0.8169055733972219
2026-03-25 04:00:00,1,0.5850157924735112
2026-03-25 04:15:00,1,0.690315752157824
2026-03-25 04:30:00,0,0.7959035190983188
2026-03-25 04:45:00,0,0.3382576682906107
2026-03-25 05:00:00,1,0.7730167436501638
2026-03-25 05:15:00,0,0.11928362383431002
2026-03-25 05:30:00,1,0.3554811457507796
2026-03-25 05:45:00,1,0.3727114489879222
2026-03-25 06:00:00,0,0.7420489033192614
2026-03-25 06:15:00,0,0.3621770596567235
2026-03-25 06:30:00,1,0.8645833645290207
2026-03-25 06:45:00,0,0.4461840493679599
2026-03-25 07:00:00,0,0.663652437699785
2026-03-25 07:15:00,0,0.7446775994095717
2026-03-25 07:30:00,1,0.835584775233991
2026-03-25 07:45:00,0,0.3709944134321169
2026-03-25 08:00:00,0,0.5445983077022559
2026-03-25 08:15:00,1,0.2380820013661759
2026-03-25 08:30:00,0,0.6999583010296122
2026-03-25 08:45:00,0,0.43502556199286785
2026-03-25 09:00:00,1,0.576526062333993
2026-03-25 09:15:00,1,0.5517168457140358
2026-03-25 09:30:00,0,0.3585719515689691
2026-03-25 09:45:00,0,0.2928718540775106
2026-03-25 10:00:00,0,0.6370470879730632
2026-03-25 10:15:00,0,0.21823571855859805
2026-03-25 10:30:00,0,0.29428443153289224
2026-03-25 10:45:00,0,0.6538846260528764
2026-03-25 11:00:00,1,0.5846231610049055
2026-03-25 11:15:00,1,0.7991176832965273
2026-03-25 11:30:00,0,0.2766299349116927
2026-03-25 11:45:00,0,0.8046595597089575
2026-03-25 12:00:00,1,0.6506590989809036
2026-03-25 12:15:00,1,0.517182660739485
2026-03-25 12:30:00,1,0.3937718941508176
2026-03-25 12:45:00,0,0.414344269679199
2026-03-25 13:00:00,0,0.2643910078321169
2026-03-25 13:15:00,0,0.7269661836374689
2026-03-25 13:30:00,1,0.5454928029408722
2026-03-25 13:45:00,1,0.3963721594409025
2026-03-25 14:00:00,1,0.5147523227392664
2026-03-25 14:15:00,0,0.25978846618115903
2026-03-25 14:30:00,1,0.5872217116809371
2026-03-25 14:45:00,0,0.43639112464993257
2026-03-25 15:00:00,0,0.763606473558969
2026-03-25 15:15:00,1,0.393491734975364
2026-03-25 15:30:00,1,0.8782500874437507
2026-03-25 15:45:00,1,0.5238099915289945
2026-03-25 16:00:00,0,0.6147508558859512
2026-03-25 16:15:00,1,0.30824776774405516
2026-03-25 16:30:00,0,0.38604108869548454
2026-03-25 16:45:00,1,0.7274044971202295
2026-03-25 17:00:00,0,0.41153016364436873
2026-03-25 17:15:00,1,0.895161953150468
2026-03-25 17:30:00,1,0.7831310009981434
2026-03-25 17:45:00,0,0.7211489206820285
2026-03-25 18:00:00,0,0.6582402303041525
2026-03-25 18:15:00,1,0.23146257994023742
2026-03-25 18:30:00,0,0.5679642009837838
2026-03-25 18:45:00,1,0.5766006388815238
2026-03-25 19:00:00,0,0.5684998130378147
2026-03-25 19:15:00,0,0.24219878380576326
2026-03-25 19:30:00,0,0.16542432632647644
2026-03-25 19:45:00,1,0.6621421130079883
2026-03-25 20:00:00,1,0.3917680495860142
2026-03-25 20:15:00,0,0.37708441036672863
2026-03-25 20:30:00,1,0.7826954222449726
2026-03-25 20:45:00,1,0.5908751861964376
2026-03-25 21:00:00,0,0.4003741902431511
2026-03-25 21:15:00,1,0.5378381360342682
2026-03-25 21:30:00,0,0.4573715793681529
2026-03-25 21:45:00,0,0.49406226368151107
2026-03-25 22:00:00,0,0.5300601517991252
2026-03-25 22:15:00,1,0.5888611510487785
2026-03-25 22:30:00,0,0.29913757688727904
2026-03-25 22:45:00,0,0.4824252232225
2026-03-26 02:00:00,1,0.3452776859336568
2026-03-26 02:15:00,0,0.19472714192442905
2026-03-26 02:30:00,0,0.11568630148335424
2026-03-26 02:45:00,1,0.3894509027197514
2026-03-26 03:00:00,0,0.4473046768439695
2026-03-26 03:15:00,1,0.8402194417970835
2026-03-26 03:30:00,0,0.33287502949396897
2026-03-26 03:45:00,0,0.49089018492884096
2026-03-26 04:00:00,1,0.8341726370315953
2026-03-26 04:15:00,0,0.3850589303876573
2026-03-26 04:30:00,1,0.8056257758195589
2026-03-26 04:45:00,0,0.6628551972491947
2026-03-26 05:00:00,1,0.635863048588185
2026-03-26 05:15:00,1,0.5692434984946587
2026-03-26 05:30:00,0,0.558398037229546
2026-03-26 05:45:00,1,0.7514879859545377
2026-03-26 06:00:00,1,0.615834402300196
2026-03-26 06:15:00,0,0.7227079332862782
2026-03-26 06:30:00,1,0.5935991676368157
2026-03-26 06:45:00,1,0.8300109249549672
2026-03-26 07:00:00,0,0.7058392289209896
2026-03-26 07:15:00,1,0.6685516359911702
2026-03-26 07:30:00,0,0.7465295058622575
2026-03-26 07:45:00,0,0.4355019020453279
2026-03-26 08:00:00,0,0.3023119278327618
2026-03-26 08:15:00,0,0.31640350100676945
2026-03-26 08:30:00,0,0.6042942894286139
2026-03-26 08:45:00,1,0.8439850367158823
2026-03-26 09:00:00,0,0.48205954445504406
2026-03-26 09:15:00,0,0.2668755786761015
2026-03-26 09:30:00,1,0.4830309381524069
2026-03-26 09:45:00,1,0.4635796141019103
2026-03-26 10:00:00,1,0.7561627397550998
2026-03-26 10:15:00,1,0.6746117161545567
2026-03-26 10:30:00,0,0.7083880256244243
2026-03-26 10:45:00,0,0.3154313844689656
2026-03-26 11:00:00,0,0.6924266138846575
2026-03-26 11:15:00,0,0.412635139898202
2026-03-26 11:30:00,1,0.7409528891799078
2026-03-26 11:45:00,1,0.7466768285442023
2026-03-26 12:00:00,0,0.4328313674602548
2026-03-26 12:15:00,0,0.6068054483446654
2026-03-26 12:30:00,1,0.4363251133231046
2026-03-26 12:45:00,0,0.5654299992594981
2026-03-26 13:00:00,1,0.42713827566563023
2026-03-26 13:15:00,0,0.4805834328212163
2026-03-26 13:30:00,1,0.7266285817865573
2026-03-26 13:45:00,0,0.5760716511509073
2026-03-26 14:00:00,0,0.3768046887826537
2026-03-26 14:15:00,1,0.3390137896027128
2026-03-26 14:30:00,0,0.5044052528146726
2026-03-26 14:45:00,0,0.5200885274533154
2026-03-26 15:00:00,1,0.4727587897033802
2026-03-26 15:15:00,0,0.589581743596105
2026-03-26 15:30:00,1,0.5863871346562867
2026-03-26 15:45:00,1,0.48439783087525234
2026-03-26 16:00:00,0,0.7499742909214141
2026-03-26 16:15:00,0,0.5471817629531734
2026-03-26 16:30:00,1,0.5485594565560881
2026-03-26 16:45:00,1,0.5985818708896877
2026-03-26 17:00:00,1,0.26267075378584037
2026-03-26 17:15:00,0,0.3661573450763417
2026-03-26 17:30:00,0,0.46306974292816716
2026-03-26 17:45:00,1,0.2741545228526753
