open_key,target_btc,xgb_proba,xgb_pred
2026-02-23 21:15:00,0,0.8451418876647949,1
2026-02-23 21:30:00,1,0.7174217104911804,1
2026-02-23 21:45:00,1,0.9401770234107971,1
2026-02-23 22:00:00,1,0.5292227268218994,1
2026-02-23 22:15:00,1,0.6032350063323975,1
2026-02-23 22:30:00,1,0.2917310893535614,0
2026-02-23 22:45:00,0,0.42526233196258545,0
2026-02-23 23:00:00,1,0.7207227945327759,1
2026-02-23 23:15:00,0,0.364013671875,0
2026-02-23 23:30:00,0,0.7671772241592407,1
2026-02-23 23:45:00,1,0.21495023369789124,0
2026-02-24 00:00:00,1,0.07086885720491409,0
2026-02-24 00:15:00,1,0.25408658385276794,0
2026-02-24 00:30:00,1,0.8497931957244873,1
2026-02-24 00:45:00,1,0.3996517062187195,0
2026-02-24 01:00:00,0,0.21262943744659424,0
2026-02-24 01:15:00,0,0.8039772510528564,1
2026-02-24 01:30:00,1,0.8234695196151733,1
2026-02-24 01:45:00,1,0.22104109823703766,0
2026-02-24 02:00:00,0,0.3285772204399109,0
2026-02-24 02:15:00,1,0.28205129504203796,0
2026-02-24 02:30:00,0,0.758076548576355,1
2026-02-24 02:45:00,1,0.8891079425811768,1
2026-02-24 03:00:00,0,0.4862504005432129,0
2026-02-24 03:15:00,0,0.17546486854553223,0
2026-02-24 03:30:00,1,0.06839051842689514,0
2026-02-24 03:45:00,1,0.4488202631473541,0
2026-02-24 04:00:00,1,0.1453448235988617,0
2026-02-24 04:15:00,1,0.2690027952194214,0
2026-02-24 04:30:00,0,0.04011330381035805,0
2026-02-24 04:45:00,0,0.8264099359512329,1
2026-02-24 05:00:00,1,0.9727980494499207,1
2026-02-24 05:15:00,0,0.06231119483709335,0
2026-02-24 05:30:00,1,0.41736188530921936,0
2026-02-24 05:45:00,0,0.4666939377784729,0
2026-02-24 06:00:00,0,0.18612153828144073,0
2026-02-24 06:15:00,1,0.5615870952606201,1
2026-02-24 06:30:00,1,0.6706817746162415,1
2026-02-24 06:45:00,1,0.5725833177566528,1
2026-02-24 07:00:00,1,0.49207568168640137,0
2026-02-24 07:15:00,1,0.8325778245925903,1
2026-02-24 07:30:00,0,0.77280193567276,1
2026-02-24 07:45:00,1,0.6789988279342651,1
2026-02-24 08:00:00,1,0.42849022150039673,0
2026-02-24 08:15:00,0,0.11699628084897995,0
2026-02-24 08:30:00,1,0.7993611097335815,1
2026-02-24 08:45:00,1,0.735464870929718,1
2026-02-24 09:00:00,1,0.6610164642333984,1
2026-02-24 09:15:00,0,0.31839755177497864,0
2026-02-24 09:30:00,0,0.3304235339164734,0
2026-02-24 09:45:00,1,0.5434918999671936,1
2026-02-24 10:00:00,0,0.7607200741767883,1
2026-02-24 10:15:00,1,0.8965353965759277,1
2026-02-24 10:30:00,1,0.8160556554794312,1
2026-02-24 10:45:00,1,0.5141772627830505,1
2026-02-24 11:00:00,0,0.3425388038158417,0
2026-02-24 11:15:00,1,0.3232727646827698,0
2026-02-24 11:30:00,1,0.7137326002120972,1
2026-02-24 11:45:00,0,0.619636595249176,1
2026-02-24 12:00:00,0,0.4645182192325592,0
2026-02-24 12:15:00,1,0.5384216904640198,1
2026-02-24 12:30:00,1,0.5010372996330261,1
2026-02-24 12:45:00,0,0.8812479376792908,1
2026-02-24 13:00:00,0,0.10261289030313492,0
2026-02-24 13:15:00,0,0.09415317326784134,0
2026-02-24 13:30:00,1,0.8383207321166992,1
2026-02-24 13:45:00,1,0.6474393010139465,1
2026-02-24 14:00:00,1,0.620152473449707,1
2026-02-24 14:15:00,0,0.8622738718986511,1
2026-02-24 14:30:00,0,0.3921559154987335,0
2026-02-24 14:45:00,1,0.5176622271537781,1
2026-02-24 15:00:00,0,0.42307767271995544,0
2026-02-24 15:15:00,1,0.5464840531349182,1
2026-02-24 15:30:00,0,0.11027572304010391,0
2026-02-24 15:45:00,0,0.08807096630334854,0
2026-02-24 21:45:00,1,0.7253246307373047,1
2026-02-24 22:00:00,1,0.9114070534706116,1
2026-02-24 22:15:00,1,0.6550948619842529,1
2026-02-24 22:30:00,1,0.8451948761940002,1
2026-02-24 22:45:00,0,0.5930254459381104,1
2026-02-24 23:00:00,1,0.7706896662712097,1
2026-02-24 23:15:00,1,0.8288480639457703,1
2026-02-24 23:30:00,0,0.6896076202392578,1
2026-02-24 23:45:00,1,0.8733168840408325,1
2026-02-25 00:00:00,0,0.14972779154777527,0
2026-02-25 00:15:00,1,0.6722570061683655,1
2026-02-25 00:30:00,1,0.9343684911727905,1
2026-02-25 00:45:00,1,0.10193226486444473,0
2026-02-25 01:00:00,1,0.12229255586862564,0
2026-02-25 01:15:00,0,0.3021465241909027,0
2026-02-25 01:30:00,0,0.17505459487438202,0
2026-02-25 01:45:00,1,0.9334208369255066,1
2026-02-25 02:00:00,1,0.25813373923301697,0
2026-02-25 02:15:00,0,0.10977378487586975,0
2026-02-25 02:30:00,1,0.6511464715003967,1
2026-02-25 02:45:00,0,0.8553826808929443,1
2026-02-25 03:00:00,0,0.3107578158378601,0
2026-02-25 03:15:00,1,0.09786047786474228,0
2026-02-25 03:30:00,1,0.06799335777759552,0
2026-02-25 03:45:00,1,0.24995946884155273,0
2026-02-25 04:00:00,1,0.9787994623184204,1
2026-02-25 04:15:00,1,0.24814730882644653,0
2026-02-25 04:30:00,1,0.33390551805496216,0
2026-02-25 04:45:00,1,0.1800849735736847,0
2026-02-25 05:00:00,1,0.4164459705352783,0
2026-02-25 05:15:00,1,0.528917133808136,1
2026-02-25 05:30:00,1,0.28472304344177246,0
2026-02-25 05:45:00,0,0.5609489679336548,1
2026-02-25 06:00:00,1,0.7388063073158264,1
2026-02-25 06:15:00,1,0.25109776854515076,0
2026-02-25 06:30:00,0,0.3027835190296173,0
2026-02-25 06:45:00,1,0.6578360199928284,1
2026-02-25 07:00:00,0,0.2314438372850418,0
2026-02-25 07:15:00,1,0.5161946415901184,1
2026-02-25 07:30:00,1,0.8578150868415833,1
2026-02-25 07:45:00,0,0.3211537003517151,0
2026-02-25 08:00:00,1,0.6540282964706421,1
2026-02-25 08:15:00,1,0.7273324728012085,1
2026-02-25 08:30:00,1,0.5000659823417664,1
2026-02-25 08:45:00,1,0.8777157068252563,1
2026-02-25 09:00:00,1,0.3597429394721985,0
2026-02-25 09:15:00,1,0.13983896374702454,0
2026-02-25 09:30:00,1,0.29694271087646484,0
2026-02-25 09:45:00,0,0.6005908250808716,1
2026-02-25 10:00:00,1,0.6647347211837769,1
2026-02-25 10:15:00,1,0.5260831713676453,1
2026-02-25 10:30:00,1,0.8241541981697083,1
2026-02-25 10:45:00,0,0.377930611371994,0
2026-02-25 11:00:00,0,0.6475830078125,1
2026-02-25 11:15:00,1,0.8018041253089905,1
2026-02-25 11:30:00,0,0.298883855342865,0
2026-02-25 11:45:00,1,0.13724930584430695,0
2026-02-25 12:00:00,0,0.9596949219703674,1
2026-02-25 12:15:00,1,0.778095006942749,1
2026-02-25 12:30:00,1,0.6199406385421753,1
2026-02-25 12:45:00,1,0.5328911542892456,1
2026-02-25 13:00:00,0,0.5018478631973267,1
2026-02-25 13:15:00,0,0.2515358626842499,0
2026-02-25 13:30:00,1,0.7061694860458374,1
2026-02-25 13:45:00,0,0.15181602537631989,0
2026-02-25 14:00:00,1,0.7279740571975708,1
2026-02-25 14:15:00,0,0.04349081218242645,0
2026-02-25 14:30:00,0,0.18879152834415436,0
2026-02-25 14:45:00,1,0.6687629222869873,1
2026-02-25 15:00:00,1,0.3588464856147766,0
2026-02-25 15:15:00,0,0.7863917350769043,1
2026-02-25 15:30:00,0,0.06382326036691666,0
2026-02-25 15:45:00,1,0.5302698016166687,1
2026-02-25 16:00:00,1,0.46941882371902466,0
2026-02-25 16:15:00,1,0.6782199144363403,1
2026-02-25 16:30:00,0,0.5731348395347595,1
2026-02-25 16:45:00,1,0.46098142862319946,0
2026-02-25 17:00:00,1,0.8017615079879761,1
2026-02-25 17:15:00,0,0.3096768260002136,0
2026-02-25 17:30:00,1,0.5394120812416077,1
2026-02-25 17:45:00,0,0.15103496611118317,0
2026-02-25 18:00:00,0,0.1619262397289276,0
2026-02-25 18:15:00,1,0.7370538115501404,1
2026-02-25 18:30:00,1,0.4178011417388916,0
2026-02-25 18:45:00,1,0.5846667289733887,1
2026-02-25 19:00:00,0,0.13548864424228668,0
2026-02-25 19:15:00,0,0.7731267809867859,1
2026-02-25 19:30:00,1,0.5201429724693298,1
2026-02-25 19:45:00,0,0.4387766718864441,0
2026-02-25 20:00:00,1,0.7555589079856873,1
2026-02-25 20:15:00,1,0.458888977766037,0
2026-02-25 20:30:00,1,0.681984007358551,1
2026-02-25 20:45:00,0,0.519885241985321,1
2026-02-25 21:00:00,0,0.3691055178642273,0
2026-02-25 21:15:00,1,0.790323793888092,1
2026-02-25 21:30:00,1,0.6367045640945435,1
2026-02-25 21:45:00,1,0.780517578125,1
2026-02-25 22:00:00,1,0.4617994427680969,0
2026-02-25 22:15:00,0,0.943686306476593,1
2026-02-25 22:30:00,0,0.7022880911827087,1
2026-03-11 14:00:00,0,0.750397264957428,1
2026-03-11 14:15:00,1,0.4075830280780792,0
2026-03-11 14:30:00,1,0.6962288618087769,1
2026-03-11 14:45:00,1,0.323114275932312,0
2026-03-11 15:00:00,1,0.3333222568035126,0
2026-03-11 15:15:00,0,0.2931819260120392,0
2026-03-11 15:30:00,0,0.1909816563129425,0
2026-03-11 15:45:00,0,0.48094648122787476,0
2026-03-11 16:00:00,1,0.7191351652145386,1
2026-03-11 16:15:00,0,0.11825456470251083,0
2026-03-11 16:30:00,0,0.5578427910804749,1
2026-03-11 16:45:00,0,0.28296327590942383,0
2026-03-11 17:00:00,1,0.4365946054458618,0
2026-03-11 17:15:00,1,0.5373192429542542,1
2026-03-11 17:30:00,0,0.5726383924484253,1
2026-03-11 17:45:00,0,0.30641093850135803,0
2026-03-11 18:00:00,0,0.10189787298440933,0
2026-03-11 18:15:00,1,0.24584853649139404,0
2026-03-11 18:30:00,0,0.7534696459770203,1
2026-03-11 18:45:00,0,0.3426153063774109,0
2026-03-11 19:00:00,0,0.6932905316352844,1
2026-03-11 19:15:00,0,0.3938278257846832,0
2026-03-11 19:30:00,0,0.2673760950565338,0
2026-03-11 19:45:00,0,0.5334364175796509,1
2026-03-11 20:00:00,1,0.6996307969093323,1
2026-03-11 20:15:00,1,0.8905906677246094,1
2026-03-11 20:30:00,1,0.89837247133255,1
2026-03-11 20:45:00,0,0.580736517906189,1
2026-03-11 21:00:00,1,0.8506892919540405,1
2026-03-11 21:15:00,0,0.19492298364639282,0
2026-03-11 21:30:00,0,0.6974379420280457,1
2026-03-11 21:45:00,0,0.5377877354621887,1
2026-03-11 22:00:00,0,0.7990787625312805,1
2026-03-11 22:15:00,0,0.8564034700393677,1
2026-03-11 22:30:00,1,0.42883265018463135,0
2026-03-11 22:45:00,0,0.251044362783432,0
2026-03-12 02:00:00,0,0.4692516028881073,0
2026-03-12 02:15:00,1,0.4749443233013153,0
2026-03-12 02:30:00,1,0.8469845056533813,1
2026-03-12 02:45:00,0,0.20359039306640625,0
2026-03-12 03:00:00,0,0.24896804988384247,0
2026-03-12 03:15:00,1,0.5330935716629028,1
2026-03-12 03:30:00,1,0.8265075087547302,1
2026-03-12 03:45:00,1,0.7584686875343323,1
2026-03-12 04:00:00,0,0.22969050705432892,0
2026-03-12 04:15:00,1,0.8962869644165039,1
2026-03-12 04:30:00,1,0.3708377480506897,0
2026-03-12 04:45:00,0,0.24781563878059387,0
2026-03-12 05:00:00,0,0.06435500085353851,0
2026-03-12 05:15:00,1,0.20266614854335785,0
2026-03-12 05:30:00,1,0.06539060920476913,0
2026-03-12 05:45:00,0,0.31970885396003723,0
2026-03-12 06:00:00,1,0.32387644052505493,0
2026-03-12 06:15:00,0,0.052589818835258484,0
2026-03-12 06:30:00,1,0.026697689667344093,0
2026-03-12 06:45:00,0,0.09422986209392548,0
2026-03-12 07:00:00,1,0.7337253093719482,1
2026-03-12 07:15:00,0,0.5095356702804565,1
2026-03-12 07:30:00,0,0.07279415428638458,0
2026-03-12 07:45:00,1,0.8256771564483643,1
2026-03-12 08:00:00,1,0.8659626841545105,1
2026-03-12 08:15:00,1,0.6758571267127991,1
2026-03-12 08:30:00,1,0.11717020720243454,0
2026-03-12 08:45:00,0,0.14971798658370972,0
2026-03-12 09:00:00,0,0.35645154118537903,0
2026-03-12 09:15:00,0,0.9697462916374207,1
2026-03-12 09:30:00,1,0.8535158634185791,1
2026-03-12 09:45:00,0,0.07114173471927643,0
2026-03-12 10:00:00,1,0.4791904389858246,0
2026-03-12 10:15:00,0,0.2478935271501541,0
2026-03-12 10:30:00,1,0.8409761786460876,1
2026-03-12 10:45:00,0,0.03196622058749199,0
2026-03-12 11:00:00,0,0.7279475331306458,1
2026-03-12 11:15:00,0,0.18205510079860687,0
2026-03-12 11:30:00,0,0.949853241443634,1
2026-03-12 11:45:00,0,0.07116487622261047,0
2026-03-12 12:00:00,1,0.6727643013000488,1
2026-03-12 12:15:00,1,0.7409108877182007,1
2026-03-12 12:30:00,1,0.5406826734542847,1
2026-03-12 12:45:00,1,0.14111770689487457,0
2026-03-12 13:00:00,0,0.41693729162216187,0
2026-03-12 13:15:00,0,0.41547757387161255,0
2026-03-12 13:30:00,0,0.10972564667463303,0
2026-03-12 13:45:00,1,0.9097135663032532,1
2026-03-12 14:00:00,1,0.9419383406639099,1
2026-03-12 14:15:00,0,0.06658971309661865,0
2026-03-12 14:30:00,0,0.09755071997642517,0
2026-03-12 14:45:00,1,0.7330144643783569,1
2026-03-12 15:00:00,0,0.20691558718681335,0
2026-03-12 15:15:00,0,0.041425563395023346,0
2026-03-12 15:30:00,0,0.6913239359855652,1
2026-03-12 15:45:00,1,0.37434035539627075,0
2026-03-12 16:00:00,1,0.7632899284362793,1
2026-03-12 16:15:00,1,0.9290370345115662,1
2026-03-12 16:30:00,1,0.33768197894096375,0
2026-03-12 16:45:00,0,0.33486634492874146,0
2026-03-12 17:00:00,1,0.15918473899364471,0
2026-03-12 17:15:00,1,0.7486068606376648,1
2026-03-12 17:30:00,1,0.7236368656158447,1
2026-03-12 17:45:00,0,0.05195073410868645,0
2026-03-12 18:00:00,1,0.7161257863044739,1
2026-03-12 18:15:00,0,0.9231826663017273,1
2026-03-12 18:30:00,1,0.5148329138755798,1
2026-03-12 18:45:00,1,0.07289586961269379,0
2026-03-12 19:00:00,0,0.3125673234462738,0
2026-03-12 19:15:00,0,0.20077355206012726,0
2026-03-12 19:30:00,0,0.10078992694616318,0
2026-03-12 19:45:00,0,0.18537406623363495,0
2026-03-12 20:00:00,1,0.8627294301986694,1
2026-03-12 20:15:00,0,0.7406543493270874,1
2026-03-12 20:30:00,1,0.44956842064857483,0
2026-03-12 20:45:00,1,0.8902112245559692,1
2026-03-12 21:00:00,0,0.4828927516937256,0
2026-03-12 21:15:00,0,0.7345608472824097,1
2026-03-12 21:30:00,1,0.8126890659332275,1
2026-03-12 21:45:00,0,0.5768821239471436,1
2026-03-12 22:00:00,0,0.4972805678844452,0
2026-03-12 22:15:00,1,0.6515953540802002,1
2026-03-12 22:30:00,1,0.8583985567092896,1
2026-03-12 22:45:00,0,0.3673335909843445,0
2026-03-12 23:00:00,0,0.17086248099803925,0
2026-03-12 23:15:00,0,0.7543354034423828,1
2026-03-12 23:30:00,1,0.7870206236839294,1
2026-03-12 23:45:00,1,0.2653449773788452,0
2026-03-13 00:00:00,1,0.0911463275551796,0
2026-03-13 00:15:00,1,0.8482004404067993,1
2026-03-13 00:30:00,1,0.350081205368042,0
2026-03-13 00:45:00,1,0.80006343126297,1
2026-03-13 01:00:00,0,0.07466927915811539,0
2026-03-13 01:15:00,1,0.840976893901825,1
2026-03-13 01:30:00,1,0.7936209440231323,1
2026-03-13 01:45:00,0,0.022682810202240944,0
2026-03-13 02:00:00,0,0.8475266695022583,1
2026-03-13 02:15:00,1,0.043721046298742294,0
2026-03-13 02:30:00,1,0.883335530757904,1
2026-03-13 02:45:00,1,0.3199034333229065,0
2026-03-13 03:00:00,1,0.6093849539756775,1
2026-03-13 03:15:00,1,0.409950852394104,0
2026-03-13 03:30:00,1,0.09974883496761322,0
2026-03-13 03:45:00,0,0.10527899116277695,0
2026-03-13 04:00:00,0,0.5826072692871094,1
2026-03-13 04:15:00,1,0.8829725980758667,1
2026-03-13 04:30:00,0,0.06261270493268967,0
2026-03-13 04:45:00,0,0.23439188301563263,0
2026-03-13 05:00:00,1,0.6989404559135437,1
2026-03-13 05:15:00,1,0.2815648019313812,0
2026-03-13 05:30:00,0,0.7401139140129089,1
2026-03-13 05:45:00,1,0.9613689184188843,1
2026-03-13 06:00:00,1,0.6625593304634094,1
2026-03-13 06:15:00,1,0.7406498789787292,1
2026-03-13 06:30:00,1,0.6151513457298279,1
2026-03-13 06:45:00,1,0.8491953611373901,1
2026-03-13 07:00:00,1,0.45729386806488037,0
2026-03-13 07:15:00,1,0.18485905230045319,0
2026-03-13 07:30:00,0,0.8957338929176331,1
2026-03-13 07:45:00,0,0.14532963931560516,0
2026-03-13 08:00:00,1,0.5250787138938904,1
2026-03-13 08:15:00,0,0.941007673740387,1
2026-03-13 08:30:00,0,0.3864613175392151,0
2026-03-13 08:45:00,0,0.7095510363578796,1
2026-03-13 09:00:00,0,0.08859635144472122,0
2026-03-13 09:15:00,0,0.21522171795368195,0
2026-03-13 09:30:00,1,0.6720479130744934,1
2026-03-13 09:45:00,1,0.38298624753952026,0
2026-03-13 10:00:00,1,0.5769482851028442,1
2026-03-13 10:15:00,0,0.9074622392654419,1
2026-03-13 10:30:00,0,0.25446817278862,0
2026-03-13 10:45:00,0,0.11101977527141571,0
2026-03-13 11:00:00,1,0.853618323802948,1
2026-03-13 11:15:00,0,0.13201935589313507,0
2026-03-13 11:30:00,1,0.9654720425605774,1
2026-03-13 11:45:00,0,0.0300239697098732,0
2026-03-13 12:00:00,1,0.29138892889022827,0
2026-03-13 12:15:00,0,0.4819397032260895,0
2026-03-13 12:30:00,1,0.970998227596283,1
2026-03-13 12:45:00,1,0.8459535837173462,1
2026-03-13 13:00:00,1,0.6861777305603027,1
2026-03-13 13:15:00,0,0.8036877512931824,1
2026-03-13 13:30:00,0,0.7483168840408325,1
2026-03-13 13:45:00,1,0.8099556565284729,1
2026-03-13 14:00:00,1,0.9532312750816345,1
2026-03-13 14:15:00,0,0.3674020767211914,0
2026-03-13 14:30:00,0,0.8335803747177124,1
2026-03-13 14:45:00,0,0.8272541165351868,1
2026-03-13 15:00:00,0,0.1340678483247757,0
2026-03-13 15:15:00,0,0.018142804503440857,0
2026-03-13 15:30:00,1,0.30194535851478577,0
2026-03-13 15:45:00,1,0.756015419960022,1
2026-03-13 16:00:00,0,0.0986243188381195,0
2026-03-13 16:15:00,1,0.7986692190170288,1
2026-03-13 16:30:00,1,0.40683457255363464,0
2026-03-13 16:45:00,1,0.7269012928009033,1
2026-03-13 17:00:00,0,0.0572364367544651,0
2026-03-13 17:15:00,1,0.7314319014549255,1
2026-03-13 17:30:00,0,0.6032094359397888,1
2026-03-13 17:45:00,1,0.7075097560882568,1
2026-03-13 18:00:00,1,0.8957796096801758,1
2026-03-13 18:15:00,1,0.6907496452331543,1
2026-03-13 18:30:00,1,0.5194132328033447,1
2026-03-13 18:45:00,1,0.8508415818214417,1
2026-03-13 19:00:00,0,0.15595510601997375,0
2026-03-13 19:15:00,0,0.7943801879882812,1
2026-03-13 19:30:00,0,0.049665309488773346,0
2026-03-13 19:45:00,1,0.4560886025428772,0
2026-03-13 20:00:00,1,0.7059808373451233,1
2026-03-13 20:15:00,1,0.97642582654953,1
2026-03-13 20:30:00,1,0.8207956552505493,1
2026-03-13 20:45:00,0,0.13358038663864136,0
2026-03-13 21:00:00,1,0.5958383083343506,1
2026-03-13 21:15:00,0,0.0635875016450882,0
2026-03-13 21:30:00,1,0.1969168782234192,0
2026-03-13 21:45:00,0,0.15135742723941803,0
2026-03-13 22:00:00,1,0.9630548357963562,1
2026-03-13 22:15:00,1,0.17509670555591583,0
2026-03-13 22:30:00,0,0.08126375824213028,0
2026-03-13 22:45:00,1,0.8941032290458679,1
2026-03-13 23:00:00,0,0.11767378449440002,0
2026-03-13 23:15:00,0,0.06281773746013641,0
2026-03-13 23:30:00,0,0.2762078642845154,0
2026-03-13 23:45:00,1,0.9194800853729248,1
2026-03-14 00:00:00,1,0.6239245533943176,1
2026-03-14 00:15:00,0,0.20989827811717987,0
2026-03-14 00:30:00,0,0.932356595993042,1
2026-03-14 00:45:00,1,0.2398454248905182,0
2026-03-14 01:00:00,1,0.6266880035400391,1
2026-03-14 01:15:00,0,0.34695181250572205,0
2026-03-14 01:30:00,0,0.21309365332126617,0
2026-03-14 01:45:00,1,0.4048020541667938,0
2026-03-14 02:00:00,1,0.9351313710212708,1
2026-03-14 02:15:00,0,0.45667529106140137,0
2026-03-14 02:30:00,0,0.3366844058036804,0
2026-03-14 02:45:00,0,0.22999516129493713,0
2026-03-14 03:00:00,0,0.536590039730072,1
2026-03-14 03:15:00,0,0.3411119282245636,0
2026-03-14 03:30:00,1,0.867829442024231,1
2026-03-14 03:45:00,1,0.20328493416309357,0
2026-03-14 04:00:00,1,0.8815964460372925,1
2026-03-14 04:15:00,1,0.6149849891662598,1
2026-03-14 04:30:00,1,0.060607362538576126,0
2026-03-14 04:45:00,1,0.8491565585136414,1
2026-03-14 05:00:00,1,0.8529633283615112,1
2026-03-14 05:15:00,0,0.13517697155475616,0
2026-03-14 05:30:00,0,0.7451632022857666,1
2026-03-14 05:45:00,1,0.6539787650108337,1
2026-03-14 06:00:00,1,0.6669027805328369,1
2026-03-14 06:15:00,1,0.9007655382156372,1
2026-03-14 06:30:00,0,0.28008565306663513,0
2026-03-14 06:45:00,1,0.16057290136814117,0
2026-03-14 07:00:00,0,0.5774229168891907,1
2026-03-14 07:15:00,1,0.8969739675521851,1
2026-03-14 07:30:00,0,0.02496884949505329,0
2026-03-14 07:45:00,0,0.7618425488471985,1
2026-03-14 08:00:00,1,0.8882920145988464,1
2026-03-14 08:15:00,0,0.7697633504867554,1
2026-03-14 08:30:00,0,0.058455679565668106,0
2026-03-14 08:45:00,1,0.6359216570854187,1
2026-03-14 09:00:00,0,0.43085575103759766,0
2026-03-14 09:15:00,1,0.9086213707923889,1
2026-03-14 09:30:00,0,0.5242359042167664,1
2026-03-14 09:45:00,1,0.4499090015888214,0
2026-03-14 10:00:00,1,0.21320316195487976,0
2026-03-14 10:15:00,1,0.6760745644569397,1
2026-03-14 10:30:00,0,0.0802912786602974,0
2026-03-14 10:45:00,0,0.5056140422821045,1
2026-03-14 11:00:00,0,0.06503651291131973,0
2026-03-14 11:15:00,1,0.1139383465051651,0
2026-03-14 11:30:00,1,0.7069875597953796,1
2026-03-14 11:45:00,1,0.17834775149822235,0
2026-03-14 12:00:00,1,0.031054668128490448,0
2026-03-14 12:15:00,0,0.13677096366882324,0
2026-03-14 12:30:00,1,0.4183921217918396,0
2026-03-14 12:45:00,0,0.09816158562898636,0
2026-03-14 13:00:00,0,0.07513278722763062,0
2026-03-14 13:15:00,1,0.8655593395233154,1
2026-03-14 13:30:00,1,0.41666707396507263,0
2026-03-14 13:45:00,0,0.2430092692375183,0
2026-03-14 14:00:00,0,0.17043934762477875,0
2026-03-14 14:15:00,1,0.8798452019691467,1
2026-03-14 14:30:00,1,0.20508363842964172,0
2026-03-14 14:45:00,1,0.11250455677509308,0
2026-03-14 15:00:00,0,0.1084238588809967,0
2026-03-14 15:15:00,1,0.4944953918457031,0
2026-03-14 15:30:00,1,0.17118680477142334,0
2026-03-14 15:45:00,0,0.19833098351955414,0
2026-03-14 16:00:00,1,0.9622962474822998,1
2026-03-14 16:15:00,1,0.035787902772426605,0
2026-03-14 16:30:00,1,0.08124954253435135,0
2026-03-14 16:45:00,1,0.1170400008559227,0
2026-03-14 17:00:00,0,0.02501225657761097,0
2026-03-14 17:15:00,1,0.8765319585800171,1
2026-03-14 17:30:00,0,0.6359472274780273,1
2026-03-14 17:45:00,0,0.25380295515060425,0
2026-03-14 18:00:00,0,0.7732044458389282,1
2026-03-14 18:15:00,0,0.8014547228813171,1
2026-03-14 18:30:00,1,0.10392964631319046,0
2026-03-14 18:45:00,1,0.44864538311958313,0
2026-03-14 19:00:00,1,0.8920929431915283,1
2026-03-14 19:15:00,0,0.14205291867256165,0
2026-03-14 19:30:00,1,0.05997103452682495,0
2026-03-14 19:45:00,1,0.9430681467056274,1
2026-03-14 20:00:00,0,0.862044095993042,1
2026-03-14 20:15:00,0,0.03427523747086525,0
2026-03-14 20:30:00,0,0.708469033241272,1
2026-03-14 20:45:00,1,0.20222555100917816,0
2026-03-14 21:00:00,1,0.8101156949996948,1
2026-03-14 21:15:00,0,0.4784414768218994,0
2026-03-14 21:30:00,0,0.26150310039520264,0
2026-03-14 21:45:00,1,0.708608865737915,1
2026-03-14 22:00:00,0,0.2743716537952423,0
2026-03-14 22:15:00,1,0.9477818012237549,1
2026-03-14 22:30:00,1,0.18319708108901978,0
2026-03-14 22:45:00,0,0.6038932204246521,1
2026-03-14 23:00:00,1,0.7278954386711121,1
2026-03-14 23:15:00,0,0.9587408900260925,1
2026-03-14 23:30:00,0,0.15998247265815735,0
2026-03-14 23:45:00,1,0.24994905292987823,0
2026-03-15 00:00:00,1,0.6705628037452698,1
2026-03-15 00:15:00,0,0.6343870162963867,1
2026-03-15 00:30:00,0,0.12479840219020844,0
2026-03-15 00:45:00,0,0.4293779730796814,0
2026-03-15 01:00:00,1,0.9178049564361572,1
2026-03-15 01:15:00,1,0.9050073623657227,1
2026-03-15 01:30:00,0,0.20078907907009125,0
2026-03-15 01:45:00,1,0.9511634111404419,1
2026-03-15 02:00:00,1,0.7910307049751282,1
2026-03-15 02:15:00,1,0.8933649063110352,1
2026-03-15 02:30:00,0,0.37237662076950073,0
2026-03-15 02:45:00,1,0.420405775308609,0
2026-03-15 03:00:00,0,0.4585012197494507,0
2026-03-15 03:15:00,1,0.24474133551120758,0
2026-03-15 03:30:00,0,0.22788633406162262,0
2026-03-15 03:45:00,0,0.5829094052314758,1
2026-03-15 04:00:00,0,0.25788113474845886,0
2026-03-15 04:15:00,0,0.9233909845352173,1
2026-03-15 04:30:00,0,0.852041482925415,1
2026-03-15 04:45:00,1,0.8968858122825623,1
2026-03-15 05:00:00,0,0.02598441205918789,0
2026-03-15 05:15:00,1,0.6910403370857239,1
2026-03-15 05:30:00,0,0.437923789024353,0
2026-03-15 05:45:00,1,0.8498750925064087,1
2026-03-15 06:00:00,0,0.6324590444564819,1
2026-03-15 06:15:00,1,0.410290002822876,0
2026-03-15 06:30:00,0,0.6006751656532288,1
2026-03-15 06:45:00,1,0.9149996638298035,1
2026-03-15 07:00:00,0,0.0788000077009201,0
2026-03-15 07:15:00,0,0.016715217381715775,0
2026-03-15 07:30:00,1,0.25400641560554504,0
2026-03-15 07:45:00,1,0.3169578015804291,0
2026-03-15 08:00:00,0,0.10662528872489929,0
2026-03-15 08:15:00,0,0.4158819317817688,0
2026-03-15 08:30:00,1,0.7747563719749451,1
2026-03-15 08:45:00,0,0.9168686270713806,1
2026-03-15 09:00:00,1,0.5396690368652344,1
2026-03-15 09:15:00,0,0.07128267735242844,0
2026-03-15 09:30:00,1,0.04517429694533348,0
2026-03-15 09:45:00,0,0.6413654088973999,1
2026-03-15 10:00:00,1,0.7509967088699341,1
2026-03-15 10:15:00,1,0.5678827166557312,1
2026-03-15 10:30:00,1,0.5553733706474304,1
2026-03-15 10:45:00,1,0.8858209252357483,1
2026-03-15 11:00:00,0,0.2513545751571655,0
2026-03-15 11:15:00,0,0.7430928349494934,1
2026-03-15 11:30:00,0,0.9370436668395996,1
2026-03-15 11:45:00,0,0.045038700103759766,0
2026-03-15 12:00:00,1,0.8268301486968994,1
2026-03-15 12:15:00,1,0.0444958359003067,0
2026-03-15 12:30:00,0,0.12776963412761688,0
2026-03-15 12:45:00,1,0.07946571707725525,0
2026-03-15 13:00:00,0,0.5812525749206543,1
2026-03-15 13:15:00,0,0.8826033473014832,1
2026-03-15 13:30:00,1,0.9444193243980408,1
2026-03-15 13:45:00,0,0.023927120491862297,0
2026-03-15 14:00:00,0,0.15797613561153412,0
2026-03-15 14:15:00,1,0.8521512150764465,1
2026-03-15 14:30:00,1,0.9709946513175964,1
2026-03-15 14:45:00,0,0.5179840922355652,1
2026-03-15 15:00:00,0,0.7636175155639648,1
2026-03-15 15:15:00,1,0.2965325117111206,0
2026-03-15 15:30:00,1,0.9519554972648621,1
2026-03-15 15:45:00,1,0.9533645510673523,1
2026-03-15 16:00:00,1,0.8388196229934692,1
2026-03-15 16:15:00,0,0.38032037019729614,0
2026-03-15 16:30:00,1,0.32279905676841736,0
2026-03-15 16:45:00,1,0.7950453162193298,1
2026-03-15 17:00:00,0,0.9488986134529114,1
2026-03-15 17:15:00,0,0.8694781064987183,1
2026-03-15 17:30:00,1,0.8958325386047363,1
2026-03-15 17:45:00,1,0.8099952936172485,1
2026-03-15 18:00:00,0,0.15714915096759796,0
2026-03-15 18:15:00,1,0.9546583890914917,1
2026-03-15 18:30:00,0,0.017347143962979317,0
2026-03-15 18:45:00,1,0.9538368582725525,1
2026-03-15 19:00:00,0,0.4574403166770935,0
2026-03-15 19:15:00,0,0.10083237290382385,0
2026-03-15 19:30:00,1,0.09729861468076706,0
2026-03-15 19:45:00,1,0.9469610452651978,1
2026-03-15 20:00:00,0,0.2897688150405884,0
2026-03-15 20:15:00,1,0.7349686622619629,1
2026-03-15 20:30:00,1,0.9206266403198242,1
2026-03-15 20:45:00,0,0.3221398890018463,0
2026-03-15 21:00:00,1,0.8954314589500427,1
2026-03-15 21:15:00,0,0.9001133441925049,1
2026-03-15 21:30:00,1,0.9238571524620056,1
2026-03-15 21:45:00,1,0.9244238138198853,1
2026-03-15 22:00:00,1,0.20719246566295624,0
2026-03-15 22:15:00,0,0.08502612262964249,0
2026-03-15 22:30:00,1,0.1119251623749733,0
2026-03-15 22:45:00,1,0.35215428471565247,0
2026-03-15 23:00:00,0,0.14874958992004395,0
2026-03-15 23:15:00,1,0.9658443331718445,1
2026-03-15 23:30:00,1,0.918131947517395,1
2026-03-15 23:45:00,0,0.34737205505371094,0
2026-03-16 00:00:00,1,0.9299594163894653,1
2026-03-16 00:15:00,0,0.11569716036319733,0
2026-03-16 00:30:00,0,0.6169050931930542,1
2026-03-16 00:45:00,0,0.2853185534477234,0
2026-03-16 01:00:00,1,0.8908677101135254,1
2026-03-16 01:15:00,0,0.03919016942381859,0
2026-03-16 01:30:00,0,0.16697372496128082,0
2026-03-16 01:45:00,0,0.36830955743789673,0
2026-03-16 02:00:00,1,0.3338973820209503,0
2026-03-16 02:15:00,1,0.5499359965324402,1
2026-03-16 02:30:00,0,0.6253783106803894,1
2026-03-16 02:45:00,1,0.3665826916694641,0
2026-03-16 03:00:00,1,0.9584127068519592,1
2026-03-16 03:15:00,1,0.693108320236206,1
2026-03-16 03:30:00,0,0.2926692068576813,0
2026-03-16 03:45:00,1,0.7659243941307068,1
2026-03-16 04:00:00,0,0.5481109619140625,1
2026-03-16 04:15:00,0,0.8149480223655701,1
2026-03-16 04:30:00,1,0.16190016269683838,0
2026-03-16 04:45:00,0,0.7448153495788574,1
2026-03-16 05:00:00,1,0.7516729235649109,1
2026-03-16 05:15:00,1,0.16095875203609467,0
2026-03-16 05:30:00,0,0.7450191974639893,1
2026-03-16 05:45:00,1,0.16231898963451385,0
2026-03-16 06:00:00,1,0.8669408559799194,1
2026-03-16 06:15:00,0,0.7085372805595398,1
2026-03-16 06:30:00,1,0.8020046949386597,1
2026-03-16 06:45:00,0,0.8314834833145142,1
2026-03-16 07:00:00,1,0.7395117878913879,1
2026-03-16 07:15:00,0,0.38639408349990845,0
2026-03-16 07:30:00,0,0.14392392337322235,0
2026-03-16 07:45:00,1,0.7409883737564087,1
2026-03-16 08:00:00,1,0.4026549756526947,0
2026-03-16 08:15:00,1,0.137135848402977,0
2026-03-16 08:30:00,0,0.7661773562431335,1
2026-03-16 08:45:00,0,0.5516037344932556,1
2026-03-16 09:00:00,1,0.1989559531211853,0
2026-03-16 09:15:00,1,0.971059262752533,1
2026-03-16 09:30:00,1,0.44467249512672424,0
2026-03-16 09:45:00,1,0.059329256415367126,0
2026-03-16 10:00:00,1,0.8648584485054016,1
2026-03-16 10:15:00,0,0.11561902612447739,0
2026-03-16 10:30:00,1,0.6266523003578186,1
2026-03-16 10:45:00,1,0.7899085879325867,1
2026-03-16 11:00:00,1,0.29774540662765503,0
2026-03-16 11:15:00,1,0.6350959539413452,1
2026-03-16 11:30:00,0,0.2839072346687317,0
2026-03-16 11:45:00,0,0.16025738418102264,0
2026-03-16 12:00:00,1,0.3681887090206146,0
2026-03-16 12:15:00,0,0.8006913661956787,1
2026-03-16 12:30:00,1,0.9766674041748047,1
2026-03-16 12:45:00,0,0.05329860746860504,0
2026-03-16 13:00:00,0,0.21943062543869019,0
2026-03-16 13:15:00,1,0.8092851638793945,1
2026-03-16 13:30:00,1,0.5186105370521545,1
2026-03-16 13:45:00,1,0.7211193442344666,1
2026-03-16 14:00:00,1,0.4730893671512604,0
2026-03-16 14:15:00,0,0.6471063494682312,1
2026-03-16 14:30:00,1,0.8596017956733704,1
2026-03-16 14:45:00,1,0.9227091073989868,1
2026-03-16 15:00:00,1,0.9505383372306824,1
2026-03-16 15:15:00,0,0.18794435262680054,0
2026-03-16 15:30:00,1,0.7750092148780823,1
2026-03-16 15:45:00,0,0.8236902356147766,1
2026-03-16 16:00:00,0,0.23474326729774475,0
2026-03-16 16:15:00,1,0.8018609881401062,1
2026-03-16 16:30:00,1,0.9050149321556091,1
2026-03-16 16:45:00,0,0.6270809173583984,1
2026-03-16 17:00:00,1,0.18783456087112427,0
2026-03-16 17:15:00,0,0.16807088255882263,0
2026-03-16 17:30:00,1,0.9532374739646912,1
2026-03-16 17:45:00,1,0.7171809077262878,1
2026-03-16 18:00:00,1,0.5561597347259521,1
2026-03-16 18:15:00,1,0.14022091031074524,0
2026-03-16 18:30:00,0,0.23618124425411224,0
2026-03-16 18:45:00,1,0.9035289883613586,1
2026-03-16 19:00:00,0,0.1075696051120758,0
2026-03-16 19:15:00,0,0.5280519723892212,1
2026-03-16 19:30:00,1,0.8062331676483154,1
2026-03-16 19:45:00,0,0.223313570022583,0
2026-03-16 20:00:00,0,0.8227344751358032,1
2026-03-16 20:15:00,0,0.42957979440689087,0
2026-03-16 20:30:00,0,0.037410784512758255,0
2026-03-16 20:45:00,1,0.3155563771724701,0
2026-03-16 21:00:00,1,0.9671257734298706,1
2026-03-16 21:15:00,0,0.23331350088119507,0
2026-03-16 21:30:00,0,0.06200758367776871,0
2026-03-16 21:45:00,1,0.5476872324943542,1
2026-03-16 22:00:00,1,0.2848736047744751,0
2026-03-16 22:15:00,1,0.9308223128318787,1
2026-03-16 22:30:00,0,0.5989824533462524,1
2026-03-16 22:45:00,0,0.3275677561759949,0
2026-03-16 23:00:00,1,0.5273483991622925,1
2026-03-16 23:15:00,1,0.439330130815506,0
2026-03-16 23:30:00,0,0.4920077919960022,0
2026-03-16 23:45:00,1,0.5136284232139587,1
2026-03-17 00:00:00,1,0.880232036113739,1
2026-03-17 00:15:00,1,0.7082669734954834,1
2026-03-17 00:30:00,0,0.4698854386806488,0
2026-03-17 00:45:00,0,0.6293880343437195,1
2026-03-17 01:00:00,0,0.8692384958267212,1
2026-03-17 01:15:00,1,0.5388572216033936,1
2026-03-17 01:30:00,1,0.6086561679840088,1
2026-03-17 01:45:00,0,0.6202383041381836,1
2026-03-17 02:00:00,0,0.8572489619255066,1
2026-03-17 02:15:00,1,0.6326831579208374,1
2026-03-17 02:30:00,0,0.6828302145004272,1
2026-03-17 02:45:00,0,0.5294575095176697,1
2026-03-17 03:00:00,0,0.3890218734741211,0
2026-03-17 03:15:00,1,0.820615291595459,1
2026-03-17 03:30:00,0,0.2956322729587555,0
2026-03-17 03:45:00,1,0.7565483450889587,1
2026-03-17 04:00:00,1,0.6567547917366028,1
2026-03-17 04:15:00,1,0.8026095628738403,1
2026-03-17 04:30:00,1,0.25816604495048523,0
2026-03-17 04:45:00,0,0.5042304992675781,1
2026-03-17 05:00:00,1,0.448285847902298,0
2026-03-17 05:15:00,0,0.07403258234262466,0
2026-03-17 05:30:00,1,0.7971885800361633,1
2026-03-17 05:45:00,0,0.6404116749763489,1
2026-03-17 06:00:00,1,0.6770457029342651,1
2026-03-17 06:15:00,0,0.30234646797180176,0
2026-03-17 06:30:00,1,0.9241132736206055,1
2026-03-17 06:45:00,0,0.7142916321754456,1
2026-03-17 07:00:00,1,0.3919011056423187,0
2026-03-17 07:15:00,1,0.5222938656806946,1
2026-03-17 07:30:00,1,0.6766130924224854,1
2026-03-17 07:45:00,1,0.4705546498298645,0
2026-03-17 08:00:00,0,0.924327552318573,1
2026-03-17 08:15:00,0,0.8345078229904175,1
2026-03-17 08:30:00,0,0.5932449698448181,1
2026-03-17 08:45:00,1,0.4606116712093353,0
2026-03-17 09:00:00,1,0.54793381690979,1
2026-03-17 09:15:00,1,0.7957057952880859,1
2026-03-17 09:30:00,0,0.1440100371837616,0
2026-03-17 09:45:00,1,0.22925421595573425,0
2026-03-17 10:00:00,1,0.9168400764465332,1
2026-03-17 10:15:00,1,0.2690863013267517,0
2026-03-17 10:30:00,1,0.7540985941886902,1
2026-03-17 10:45:00,1,0.29256150126457214,0
2026-03-17 11:00:00,1,0.39096927642822266,0
2026-03-17 11:15:00,0,0.3497151732444763,0
2026-03-17 11:30:00,1,0.9132348299026489,1
2026-03-17 11:45:00,1,0.6329529881477356,1
2026-03-17 12:00:00,1,0.6765775084495544,1
2026-03-17 12:15:00,0,0.5974633097648621,1
2026-03-17 12:30:00,1,0.29620683193206787,0
2026-03-17 12:45:00,0,0.08934032171964645,0
2026-03-17 13:00:00,0,0.3020065426826477,0
2026-03-17 13:15:00,1,0.5218665599822998,1
2026-03-17 13:30:00,0,0.43249788880348206,0
2026-03-17 13:45:00,1,0.4542692005634308,0
2026-03-17 14:00:00,1,0.28527703881263733,0
2026-03-17 14:15:00,0,0.25385838747024536,0
2026-03-17 14:30:00,1,0.5245552062988281,1
2026-03-17 14:45:00,0,0.5273744463920593,1
2026-03-17 15:00:00,0,0.5941451191902161,1
2026-03-17 15:15:00,0,0.2172447293996811,0
2026-03-17 15:30:00,0,0.16271112859249115,0
2026-03-17 15:45:00,1,0.5568108558654785,1
2026-03-17 16:00:00,1,0.18326911330223083,0
2026-03-17 16:15:00,0,0.20844006538391113,0
2026-03-17 16:30:00,0,0.16968464851379395,0
2026-03-17 16:45:00,0,0.17252615094184875,0
2026-03-17 17:00:00,1,0.8332217335700989,1
2026-03-17 17:15:00,0,0.5315558314323425,1
2026-03-17 17:30:00,0,0.4969188868999481,0
2026-03-17 17:45:00,1,0.9385760426521301,1
2026-03-17 18:00:00,1,0.8586313128471375,1
2026-03-17 18:15:00,1,0.7893760204315186,1
2026-03-17 18:30:00,1,0.9494669437408447,1
2026-03-17 18:45:00,0,0.6322364807128906,1
2026-03-17 19:00:00,1,0.8570815920829773,1
2026-03-17 19:15:00,0,0.802294909954071,1
2026-03-17 19:30:00,1,0.9210840463638306,1
2026-03-17 19:45:00,0,0.3951864540576935,0
2026-03-17 20:00:00,0,0.4436599016189575,0
2026-03-17 20:15:00,1,0.6673216223716736,1
2026-03-17 20:30:00,0,0.6760777235031128,1
2026-03-17 20:45:00,0,0.34619754552841187,0
2026-03-17 21:00:00,0,0.7338366508483887,1
2026-03-17 21:15:00,0,0.29050213098526,0
2026-03-17 21:30:00,0,0.19828876852989197,0
2026-03-17 21:45:00,0,0.8220691084861755,1
2026-03-17 22:00:00,1,0.8482202887535095,1
2026-03-17 22:15:00,0,0.5069174766540527,1
2026-03-17 22:30:00,0,0.9364266395568848,1
2026-03-17 22:45:00,0,0.8654775023460388,1
2026-03-17 23:00:00,1,0.8360728025436401,1
2026-03-17 23:15:00,1,0.5142350196838379,1
2026-03-17 23:30:00,0,0.8919692039489746,1
2026-03-17 23:45:00,0,0.9335309267044067,1
2026-03-18 00:00:00,0,0.4783274829387665,0
2026-03-18 00:15:00,0,0.3484427332878113,0
2026-03-18 00:30:00,0,0.11369618028402328,0
2026-03-18 00:45:00,1,0.805941104888916,1
2026-03-18 01:00:00,1,0.6941421031951904,1
2026-03-18 01:15:00,1,0.35045287013053894,0
2026-03-18 01:30:00,1,0.7864301204681396,1
2026-03-18 01:45:00,0,0.20306698977947235,0
2026-03-18 02:00:00,1,0.49059367179870605,0
2026-03-18 02:15:00,0,0.5303511023521423,1
2026-03-18 02:30:00,1,0.8269737958908081,1
2026-03-18 02:45:00,0,0.15373598039150238,0
2026-03-18 03:00:00,1,0.6673853397369385,1
2026-03-18 03:15:00,0,0.1122339516878128,0
2026-03-18 03:30:00,0,0.1474025398492813,0
2026-03-18 03:45:00,1,0.8276283740997314,1
2026-03-18 04:00:00,1,0.4376008212566376,0
2026-03-18 04:15:00,0,0.5822598338127136,1
2026-03-18 04:30:00,0,0.518258273601532,1
2026-03-18 04:45:00,0,0.26819226145744324,0
2026-03-18 05:00:00,0,0.19676318764686584,0
2026-03-18 05:15:00,1,0.6856927275657654,1
2026-03-18 05:30:00,0,0.09099286049604416,0
2026-03-18 05:45:00,0,0.37414976954460144,0
2026-03-18 06:00:00,1,0.12828859686851501,0
2026-03-18 06:15:00,1,0.3366543650627136,0
2026-03-18 06:30:00,0,0.1761201024055481,0
2026-03-18 06:45:00,0,0.5056635737419128,1
2026-03-18 07:00:00,0,0.49550944566726685,0
2026-03-18 07:15:00,0,0.7638112306594849,1
2026-03-18 07:30:00,0,0.2820504903793335,0
2026-03-18 07:45:00,0,0.6122182011604309,1
2026-03-18 08:00:00,0,0.09359116107225418,0
2026-03-18 08:15:00,1,0.7503476738929749,1
2026-03-18 08:30:00,1,0.8609961271286011,1
2026-03-18 08:45:00,1,0.23244613409042358,0
2026-03-18 09:00:00,0,0.4773178994655609,0
2026-03-18 09:15:00,0,0.8484697341918945,1
2026-03-18 09:30:00,1,0.7268097996711731,1
2026-03-18 09:45:00,1,0.2859567701816559,0
2026-03-18 10:00:00,0,0.1354963630437851,0
2026-03-18 10:15:00,1,0.22450202703475952,0
2026-03-18 10:30:00,1,0.5129436254501343,1
2026-03-18 10:45:00,1,0.7970708012580872,1
2026-03-18 11:00:00,1,0.9280973672866821,1
2026-03-18 11:15:00,0,0.37740015983581543,0
2026-03-18 11:30:00,0,0.7944311499595642,1
2026-03-18 11:45:00,0,0.037744272500276566,0
2026-03-18 12:00:00,1,0.8861291408538818,1
2026-03-18 12:15:00,0,0.37138089537620544,0
2026-03-18 12:30:00,0,0.315838485956192,0
2026-03-18 12:45:00,0,0.6022622585296631,1
2026-03-18 13:00:00,0,0.34088659286499023,0
2026-03-18 13:15:00,1,0.6973802447319031,1
2026-03-18 13:30:00,1,0.7831293940544128,1
2026-03-18 13:45:00,1,0.6817970871925354,1
2026-03-18 14:00:00,1,0.9571035504341125,1
2026-03-18 14:15:00,0,0.7952679991722107,1
2026-03-18 14:30:00,1,0.261527955532074,0
2026-03-18 14:45:00,0,0.6528981924057007,1
2026-03-18 15:00:00,0,0.09925738722085953,0
2026-03-18 15:15:00,1,0.9402603507041931,1
2026-03-18 15:30:00,0,0.09084447473287582,0
2026-03-18 15:45:00,1,0.17447629570960999,0
2026-03-18 16:00:00,1,0.8232654929161072,1
2026-03-18 16:15:00,1,0.17172163724899292,0
2026-03-18 16:30:00,1,0.8645045161247253,1
2026-03-18 16:45:00,0,0.6681815981864929,1
2026-03-18 17:00:00,0,0.2575860917568207,0
2026-03-18 17:15:00,1,0.2313007414340973,0
2026-03-18 17:30:00,0,0.31112128496170044,0
2026-03-18 17:45:00,0,0.6094323396682739,1
2026-03-18 18:00:00,0,0.7969189286231995,1
2026-03-18 18:15:00,1,0.8571524620056152,1
2026-03-18 18:30:00,1,0.12432610988616943,0
2026-03-18 18:45:00,0,0.7249965667724609,1
2026-03-18 19:00:00,1,0.2602757215499878,0
2026-03-18 19:15:00,1,0.770545482635498,1
2026-03-18 19:30:00,0,0.40950915217399597,0
2026-03-18 19:45:00,0,0.16929031908512115,0
2026-03-18 20:00:00,1,0.9116814732551575,1
2026-03-18 20:15:00,1,0.9249960780143738,1
2026-03-18 20:30:00,0,0.1427333652973175,0
2026-03-18 20:45:00,0,0.30380645394325256,0
2026-03-18 21:00:00,0,0.25580617785453796,0
2026-03-18 21:15:00,0,0.8126863837242126,1
2026-03-18 21:30:00,1,0.8893963694572449,1
2026-03-18 21:45:00,1,0.4646492302417755,0
2026-03-18 22:00:00,0,0.8934947848320007,1
2026-03-18 22:15:00,0,0.8990501165390015,1
2026-03-18 22:30:00,1,0.9316262006759644,1
2026-03-18 22:45:00,0,0.577273428440094,1
2026-03-19 02:00:00,1,0.8318068981170654,1
2026-03-19 02:15:00,1,0.6311707496643066,1
2026-03-19 02:30:00,1,0.6949090361595154,1
2026-03-19 02:45:00,1,0.6539352536201477,1
2026-03-19 03:00:00,0,0.40936389565467834,0
2026-03-19 03:15:00,0,0.7661979794502258,1
2026-03-19 03:30:00,0,0.3923284411430359,0
2026-03-19 03:45:00,0,0.7610856294631958,1
2026-03-19 04:00:00,1,0.8134235143661499,1
2026-03-19 04:15:00,1,0.6620171070098877,1
2026-03-19 04:30:00,0,0.8319449424743652,1
2026-03-19 04:45:00,0,0.4233856797218323,0
2026-03-19 05:00:00,0,0.6456441879272461,1
2026-03-19 05:15:00,0,0.12462161481380463,0
2026-03-19 05:30:00,1,0.649791955947876,1
2026-03-19 05:45:00,0,0.382363885641098,0
2026-03-19 06:00:00,0,0.40093234181404114,0
2026-03-19 06:15:00,1,0.8781658411026001,1
2026-03-19 06:30:00,1,0.5855684280395508,1
2026-03-19 06:45:00,1,0.2807519733905792,0
2026-03-19 07:00:00,0,0.7256600260734558,1
2026-03-19 07:15:00,0,0.3313513696193695,0
2026-03-19 07:30:00,1,0.8355082273483276,1
2026-03-19 07:45:00,1,0.28235989809036255,0
2026-03-19 08:00:00,1,0.7741563320159912,1
2026-03-19 08:15:00,0,0.449855238199234,0
2026-03-19 08:30:00,0,0.6914196610450745,1
2026-03-19 08:45:00,1,0.36978164315223694,0
2026-03-19 09:00:00,0,0.6975658535957336,1
2026-03-19 09:15:00,1,0.3410743176937103,0
2026-03-19 09:30:00,0,0.08409789204597473,0
2026-03-19 09:45:00,0,0.32146772742271423,0
2026-03-19 10:00:00,0,0.20651069283485413,0
2026-03-19 10:15:00,1,0.9101846218109131,1
2026-03-19 10:30:00,0,0.38736191391944885,0
2026-03-19 10:45:00,1,0.7052380442619324,1
2026-03-19 11:00:00,1,0.16719210147857666,0
2026-03-19 11:15:00,0,0.552298367023468,1
2026-03-19 11:30:00,1,0.28096356987953186,0
2026-03-19 11:45:00,1,0.21323515474796295,0
2026-03-19 12:00:00,1,0.8850299119949341,1
2026-03-19 12:15:00,0,0.6818870306015015,1
2026-03-19 12:30:00,1,0.4093990623950958,0
2026-03-19 12:45:00,0,0.16470909118652344,0
2026-03-19 13:00:00,0,0.3489544987678528,0
2026-03-19 13:15:00,1,0.7326419353485107,1
2026-03-19 13:30:00,1,0.8856775164604187,1
2026-03-19 13:45:00,0,0.3784272074699402,0
2026-03-19 14:00:00,1,0.8765051364898682,1
2026-03-19 14:15:00,0,0.08822929859161377,0
2026-03-19 14:30:00,0,0.5412744283676147,1
2026-03-19 14:45:00,0,0.20366525650024414,0
2026-03-19 15:00:00,1,0.128551185131073,0
2026-03-19 15:15:00,0,0.2559254467487335,0
2026-03-19 15:30:00,0,0.03340219333767891,0
2026-03-19 15:45:00,1,0.6640084981918335,1
2026-03-19 16:00:00,1,0.8688820004463196,1
2026-03-19 16:15:00,0,0.17371918261051178,0
2026-03-19 16:30:00,0,0.09163930267095566,0
2026-03-19 16:45:00,1,0.754700779914856,1
2026-03-19 17:00:00,1,0.3375580906867981,0
2026-03-19 17:15:00,1,0.8321250677108765,1
2026-03-19 17:30:00,1,0.4826054275035858,0
2026-03-19 17:45:00,1,0.8395150899887085,1
2026-03-19 18:00:00,1,0.9574702978134155,1
2026-03-19 18:15:00,0,0.4537021517753601,0
2026-03-19 18:30:00,1,0.8214702606201172,1
2026-03-19 18:45:00,0,0.11509271711111069,0
2026-03-19 19:00:00,0,0.09712214767932892,0
2026-03-19 19:15:00,0,0.43133828043937683,0
2026-03-19 19:30:00,1,0.24181029200553894,0
2026-03-19 19:45:00,1,0.2581903040409088,0
2026-03-19 20:00:00,1,0.49181506037712097,0
2026-03-19 20:15:00,1,0.5623976588249207,1
2026-03-19 20:30:00,0,0.9181044101715088,1
2026-03-19 20:45:00,1,0.7904060482978821,1
2026-03-19 21:00:00,1,0.7207002639770508,1
2026-03-19 21:15:00,0,0.18865787982940674,0
2026-03-19 21:30:00,0,0.12171516567468643,0
2026-03-19 21:45:00,1,0.8508471846580505,1
2026-03-19 22:00:00,1,0.7792040705680847,1
2026-03-19 22:15:00,0,0.8472793102264404,1
2026-03-19 22:30:00,1,0.5109952092170715,1
2026-03-19 22:45:00,0,0.3320938050746918,0
2026-03-19 23:00:00,0,0.8164761066436768,1
2026-03-19 23:15:00,0,0.1593867689371109,0
2026-03-19 23:30:00,1,0.6985688805580139,1
2026-03-19 23:45:00,1,0.8064679503440857,1
2026-03-20 00:00:00,0,0.0706479549407959,0
2026-03-20 00:15:00,1,0.7296149730682373,1
2026-03-20 00:30:00,1,0.90086829662323,1
2026-03-20 00:45:00,1,0.5293199419975281,1
2026-03-20 01:00:00,1,0.591442346572876,1
2026-03-20 01:15:00,1,0.38822683691978455,0
2026-03-20 01:30:00,0,0.29167672991752625,0
2026-03-20 01:45:00,0,0.7353618741035461,1
2026-03-20 02:00:00,0,0.19061517715454102,0
2026-03-20 02:15:00,0,0.18885189294815063,0
2026-03-20 02:30:00,1,0.8061808347702026,1
2026-03-20 02:45:00,0,0.06759446114301682,0
2026-03-20 03:00:00,0,0.3253747224807739,0
2026-03-20 03:15:00,0,0.6712145209312439,1
2026-03-20 03:30:00,1,0.8691231608390808,1
2026-03-20 03:45:00,1,0.760301947593689,1
2026-03-20 04:00:00,1,0.6278596520423889,1
2026-03-20 04:15:00,0,0.25084853172302246,0
2026-03-20 04:30:00,0,0.4566531479358673,0
2026-03-20 04:45:00,1,0.28169870376586914,0
2026-03-20 05:00:00,1,0.24241840839385986,0
2026-03-20 05:15:00,0,0.5934364795684814,1
2026-03-20 05:30:00,0,0.09640788286924362,0
2026-03-20 05:45:00,1,0.2715855836868286,0
2026-03-20 06:00:00,0,0.23263846337795258,0
2026-03-20 06:15:00,1,0.9537611603736877,1
2026-03-20 06:30:00,0,0.07224356383085251,0
2026-03-20 06:45:00,0,0.1688966453075409,0
2026-03-20 07:00:00,0,0.6161782145500183,1
2026-03-20 07:15:00,1,0.2344384789466858,0
2026-03-20 07:30:00,1,0.9251017570495605,1
2026-03-20 07:45:00,0,0.380706250667572,0
2026-03-20 08:00:00,1,0.445422887802124,0
2026-03-20 08:15:00,1,0.37424415349960327,0
2026-03-20 08:30:00,1,0.702032208442688,1
2026-03-20 08:45:00,0,0.470236212015152,0
2026-03-20 09:00:00,1,0.7801196575164795,1
2026-03-20 09:15:00,1,0.39248156547546387,0
2026-03-20 09:30:00,0,0.07500235736370087,0
2026-03-20 09:45:00,1,0.7112756967544556,1
2026-03-20 10:00:00,0,0.8135371208190918,1
2026-03-20 10:15:00,0,0.22255587577819824,0
2026-03-20 10:30:00,0,0.28842389583587646,0
2026-03-20 10:45:00,1,0.5948242545127869,1
2026-03-20 11:00:00,1,0.34564658999443054,0
2026-03-20 11:15:00,0,0.24846206605434418,0
2026-03-20 11:30:00,1,0.5237208008766174,1
2026-03-20 11:45:00,1,0.8962529897689819,1
2026-03-20 12:00:00,1,0.852471113204956,1
2026-03-20 12:15:00,1,0.3973534405231476,0
2026-03-20 12:30:00,1,0.7371886968612671,1
2026-03-20 12:45:00,1,0.324820876121521,0
2026-03-20 13:00:00,1,0.13562926650047302,0
2026-03-20 13:15:00,0,0.28400906920433044,0
2026-03-20 13:30:00,0,0.02906138449907303,0
2026-03-20 13:45:00,1,0.7368306517601013,1
2026-03-20 14:00:00,1,0.2848525047302246,0
2026-03-20 14:15:00,1,0.8206587433815002,1
2026-03-20 14:30:00,0,0.5278187990188599,1
2026-03-20 14:45:00,1,0.5493274927139282,1
2026-03-20 15:00:00,1,0.9072392582893372,1
2026-03-20 15:15:00,0,0.9057470560073853,1
2026-03-20 15:30:00,0,0.21961840987205505,0
2026-03-20 15:45:00,1,0.5346319675445557,1
2026-03-20 16:00:00,0,0.06543195992708206,0
2026-03-20 16:15:00,0,0.28793126344680786,0
2026-03-20 16:30:00,1,0.6677511930465698,1
2026-03-20 16:45:00,0,0.4719336926937103,0
2026-03-20 17:00:00,1,0.9207198619842529,1
2026-03-20 17:15:00,1,0.8647119402885437,1
2026-03-20 17:30:00,0,0.28703588247299194,0
2026-03-20 17:45:00,1,0.19898070394992828,0
2026-03-20 18:00:00,0,0.6960994601249695,1
2026-03-20 18:15:00,0,0.08565591275691986,0
2026-03-20 18:30:00,0,0.4064047932624817,0
2026-03-20 18:45:00,0,0.43652716279029846,0
2026-03-20 19:00:00,0,0.48063480854034424,0
2026-03-20 19:15:00,1,0.9679375886917114,1
2026-03-20 19:30:00,1,0.13061343133449554,0
2026-03-20 19:45:00,1,0.6878262758255005,1
2026-03-20 20:00:00,0,0.31250619888305664,0
2026-03-20 20:15:00,1,0.49911269545555115,0
2026-03-20 20:30:00,0,0.3759884536266327,0
2026-03-20 20:45:00,1,0.15123021602630615,0
2026-03-20 21:00:00,1,0.8868661522865295,1
2026-03-20 21:15:00,1,0.6223236322402954,1
2026-03-20 21:30:00,0,0.15687501430511475,0
2026-03-20 21:45:00,1,0.8433117866516113,1
2026-03-20 22:00:00,0,0.8063177466392517,1
2026-03-20 22:15:00,1,0.9403542876243591,1
2026-03-20 22:30:00,0,0.29127034544944763,0
2026-03-20 22:45:00,0,0.6970544457435608,1
2026-03-20 23:00:00,1,0.5257706046104431,1
2026-03-20 23:15:00,1,0.598202645778656,1
2026-03-20 23:30:00,1,0.14384183287620544,0
2026-03-20 23:45:00,0,0.2439349889755249,0
2026-03-21 00:00:00,0,0.7397761344909668,1
2026-03-21 00:15:00,1,0.42956534028053284,0
2026-03-21 00:30:00,0,0.209605872631073,0
2026-03-21 00:45:00,0,0.1739381104707718,0
2026-03-21 01:00:00,1,0.7447826266288757,1
2026-03-21 01:15:00,0,0.13099369406700134,0
2026-03-21 01:30:00,1,0.8365193009376526,1
2026-03-21 01:45:00,0,0.08066035062074661,0
2026-03-21 02:00:00,1,0.8145397305488586,1
2026-03-21 02:15:00,0,0.25274571776390076,0
2026-03-21 02:30:00,1,0.8055266737937927,1
2026-03-21 02:45:00,1,0.693821907043457,1
2026-03-21 03:00:00,0,0.33417555689811707,0
2026-03-21 03:15:00,0,0.6264894008636475,1
2026-03-21 03:30:00,0,0.7805901169776917,1
2026-03-21 03:45:00,1,0.6376711130142212,1
2026-03-21 04:00:00,0,0.4730431139469147,0
2026-03-21 04:15:00,1,0.6490212678909302,1
2026-03-21 04:30:00,1,0.24572674930095673,0
2026-03-21 04:45:00,1,0.3178521990776062,0
2026-03-21 05:00:00,1,0.6719106435775757,1
2026-03-21 05:15:00,1,0.503856897354126,1
2026-03-21 05:30:00,0,0.4512450695037842,0
2026-03-21 05:45:00,0,0.1511341780424118,0
2026-03-21 06:00:00,1,0.7181495428085327,1
2026-03-21 06:15:00,1,0.8202794790267944,1
2026-03-21 06:30:00,0,0.6629400253295898,1
2026-03-21 06:45:00,1,0.7152191400527954,1
2026-03-21 07:00:00,1,0.5030766725540161,1
2026-03-21 07:15:00,0,0.029583068564534187,0
2026-03-21 07:30:00,1,0.3298548758029938,0
2026-03-21 07:45:00,0,0.05739545077085495,0
2026-03-21 08:00:00,1,0.699031412601471,1
2026-03-21 08:15:00,1,0.19610834121704102,0
2026-03-21 08:30:00,1,0.8680725693702698,1
2026-03-21 08:45:00,0,0.38083887100219727,0
2026-03-21 09:00:00,0,0.36118024587631226,0
2026-03-21 09:15:00,0,0.8650993704795837,1
2026-03-21 09:30:00,0,0.710527241230011,1
2026-03-21 09:45:00,0,0.9221523404121399,1
2026-03-21 10:00:00,0,0.8675352931022644,1
2026-03-21 10:15:00,1,0.4779823124408722,0
2026-03-21 10:30:00,1,0.7813737988471985,1
2026-03-21 10:45:00,0,0.5106297135353088,1
2026-03-21 11:00:00,1,0.741063117980957,1
2026-03-21 11:15:00,1,0.6286486983299255,1
2026-03-21 11:30:00,1,0.5366666913032532,1
2026-03-21 11:45:00,0,0.3090308606624603,0
2026-03-21 12:00:00,1,0.721253514289856,1
2026-03-21 12:15:00,0,0.3578600287437439,0
2026-03-21 12:30:00,0,0.11760033667087555,0
2026-03-21 12:45:00,1,0.761309802532196,1
2026-03-21 13:00:00,1,0.5364779829978943,1
2026-03-21 13:15:00,1,0.10685360431671143,0
2026-03-21 13:30:00,1,0.759528636932373,1
2026-03-21 13:45:00,1,0.8641467094421387,1
2026-03-21 14:00:00,0,0.46594011783599854,0
2026-03-21 14:15:00,0,0.3555638790130615,0
2026-03-21 14:30:00,1,0.6850818395614624,1
2026-03-21 14:45:00,0,0.6098601222038269,1
2026-03-21 15:00:00,0,0.18631023168563843,0
2026-03-21 15:15:00,0,0.7592222094535828,1
2026-03-21 15:30:00,1,0.5597304701805115,1
2026-03-21 15:45:00,0,0.21189534664154053,0
2026-03-21 16:00:00,0,0.1257491260766983,0
2026-03-21 16:15:00,0,0.5900524258613586,1
2026-03-21 16:30:00,1,0.46501296758651733,0
2026-03-21 16:45:00,0,0.06326866149902344,0
2026-03-21 17:00:00,0,0.08489767462015152,0
2026-03-21 17:15:00,1,0.7955784797668457,1
2026-03-21 17:30:00,1,0.9435296654701233,1
2026-03-21 17:45:00,0,0.4169418513774872,0
2026-03-21 18:00:00,1,0.8896945714950562,1
2026-03-21 18:15:00,1,0.6680253148078918,1
2026-03-21 18:30:00,0,0.7952935695648193,1
2026-03-21 18:45:00,1,0.8796902894973755,1
2026-03-21 19:00:00,1,0.9079502820968628,1
2026-03-21 19:15:00,1,0.7032631039619446,1
2026-03-21 19:30:00,0,0.4434037208557129,0
2026-03-21 19:45:00,1,0.5553942322731018,1
2026-03-21 20:00:00,1,0.13001981377601624,0
2026-03-21 20:15:00,1,0.2383401095867157,0
2026-03-21 20:30:00,0,0.06886328756809235,0
2026-03-21 20:45:00,0,0.3926815688610077,0
2026-03-21 21:00:00,1,0.8125371336936951,1
2026-03-21 21:15:00,0,0.9088330268859863,1
2026-03-21 21:30:00,1,0.5369837284088135,1
2026-03-21 21:45:00,0,0.8538381457328796,1
2026-03-21 22:00:00,0,0.15573787689208984,0
2026-03-21 22:15:00,0,0.21993272006511688,0
2026-03-21 22:30:00,1,0.8469997048377991,1
2026-03-21 22:45:00,0,0.822966456413269,1
2026-03-21 23:00:00,0,0.3912702202796936,0
2026-03-21 23:15:00,1,0.6661993861198425,1
2026-03-21 23:30:00,0,0.6584963798522949,1
2026-03-21 23:45:00,0,0.8142756819725037,1
2026-03-22 00:00:00,1,0.8670868873596191,1
2026-03-22 00:15:00,1,0.550615131855011,1
2026-03-22 00:30:00,0,0.62586909532547,1
2026-03-22 00:45:00,0,0.8271372318267822,1
2026-03-22 01:00:00,1,0.03951001539826393,0
2026-03-22 01:15:00,0,0.17198488116264343,0
2026-03-22 01:30:00,1,0.7289316654205322,1
2026-03-22 01:45:00,1,0.619429349899292,1
2026-03-22 02:00:00,1,0.5754750967025757,1
2026-03-22 02:15:00,0,0.08993852138519287,0
2026-03-22 02:30:00,1,0.7164816856384277,1
2026-03-22 02:45:00,1,0.6606653332710266,1
2026-03-22 03:00:00,0,0.13304346799850464,0
2026-03-22 03:15:00,0,0.4591135084629059,0
2026-03-22 03:30:00,0,0.577613890171051,1
2026-03-22 03:45:00,1,0.8122249245643616,1
2026-03-22 04:00:00,1,0.4988914430141449,0
2026-03-22 04:15:00,0,0.22888541221618652,0
2026-03-22 04:30:00,0,0.40852171182632446,0
2026-03-22 04:45:00,0,0.12314517796039581,0
2026-03-22 05:00:00,1,0.607810378074646,1
2026-03-22 05:15:00,1,0.8632326126098633,1
2026-03-22 05:30:00,0,0.4432487189769745,0
2026-03-22 05:45:00,1,0.7364543676376343,1
2026-03-22 06:00:00,1,0.8952444791793823,1
2026-03-22 06:15:00,1,0.27730709314346313,0
2026-03-22 06:30:00,0,0.12010941654443741,0
2026-03-22 06:45:00,1,0.5121461749076843,1
2026-03-22 07:00:00,1,0.15723749995231628,0
2026-03-22 07:15:00,1,0.682564377784729,1
2026-03-22 07:30:00,1,0.20875917375087738,0
2026-03-22 07:45:00,0,0.15952245891094208,0
2026-03-22 08:00:00,1,0.7312788367271423,1
2026-03-22 08:15:00,0,0.6448552012443542,1
2026-03-22 08:30:00,0,0.45200270414352417,0
2026-03-22 08:45:00,1,0.29094088077545166,0
2026-03-22 09:00:00,0,0.4248257577419281,0
2026-03-22 09:15:00,0,0.6925555467605591,1
2026-03-22 09:30:00,1,0.7738760113716125,1
2026-03-22 09:45:00,1,0.8504092693328857,1
2026-03-22 10:00:00,1,0.21783554553985596,0
2026-03-22 10:15:00,0,0.400418758392334,0
2026-03-22 10:30:00,0,0.6764138340950012,1
2026-03-22 10:45:00,0,0.494403600692749,0
2026-03-22 11:00:00,1,0.3700213134288788,0
2026-03-22 11:15:00,0,0.7763006091117859,1
2026-03-22 11:30:00,0,0.2776879370212555,0
2026-03-22 11:45:00,1,0.6683187484741211,1
2026-03-22 12:00:00,0,0.18725566565990448,0
2026-03-22 12:15:00,0,0.5235686302185059,1
2026-03-22 12:30:00,1,0.10119268298149109,0
2026-03-22 12:45:00,0,0.04833022132515907,0
2026-03-22 13:00:00,1,0.8609594106674194,1
2026-03-22 13:15:00,0,0.7848302721977234,1
2026-03-22 13:30:00,1,0.7107127904891968,1
2026-03-22 13:45:00,0,0.5474541187286377,1
2026-03-22 14:00:00,0,0.551571249961853,1
2026-03-22 14:15:00,1,0.47567853331565857,0
2026-03-22 14:30:00,1,0.4151822626590729,0
2026-03-22 14:45:00,1,0.4589787721633911,0
2026-03-22 15:00:00,1,0.17948222160339355,0
2026-03-22 15:15:00,1,0.7638561725616455,1
2026-03-22 15:30:00,0,0.5969741940498352,1
2026-03-22 15:45:00,1,0.778895378112793,1
2026-03-22 16:00:00,1,0.7081928253173828,1
2026-03-22 16:15:00,0,0.16931211948394775,0
2026-03-22 16:30:00,1,0.8019333481788635,1
2026-03-22 16:45:00,0,0.3840731978416443,0
2026-03-22 17:00:00,1,0.8094367384910583,1
2026-03-22 17:15:00,1,0.4775627851486206,0
2026-03-22 17:30:00,0,0.09441907703876495,0
2026-03-22 17:45:00,0,0.7235183715820312,1
2026-03-22 18:00:00,1,0.2930760383605957,0
2026-03-22 18:15:00,1,0.6679087281227112,1
2026-03-22 18:30:00,0,0.3229878842830658,0
2026-03-22 18:45:00,0,0.8586500883102417,1
2026-03-22 19:00:00,0,0.5917805433273315,1
2026-03-22 19:15:00,1,0.7827850580215454,1
2026-03-22 19:30:00,1,0.30563896894454956,0
2026-03-22 19:45:00,1,0.13714218139648438,0
2026-03-22 20:00:00,0,0.9469774961471558,1
2026-03-22 20:15:00,0,0.451304167509079,0
2026-03-22 20:30:00,0,0.7457819581031799,1
2026-03-22 20:45:00,0,0.6722619533538818,1
2026-03-22 21:00:00,1,0.928716242313385,1
2026-03-22 21:15:00,1,0.884800136089325,1
2026-03-22 21:30:00,1,0.9373745322227478,1
2026-03-22 21:45:00,1,0.7811844944953918,1
2026-03-22 22:00:00,1,0.8486573696136475,1
2026-03-22 22:15:00,0,0.7050530314445496,1
2026-03-22 22:30:00,0,0.09774546325206757,0
2026-03-22 22:45:00,1,0.6443365812301636,1
2026-03-22 23:00:00,0,0.06811272352933884,0
2026-03-22 23:15:00,0,0.7650623917579651,1
2026-03-22 23:30:00,0,0.06795993447303772,0
2026-03-22 23:45:00,1,0.8106818199157715,1
2026-03-23 00:00:00,1,0.1864563375711441,0
2026-03-23 00:15:00,0,0.612044632434845,1
2026-03-23 00:30:00,1,0.9278685450553894,1
2026-03-23 00:45:00,1,0.8141842484474182,1
2026-03-23 01:00:00,1,0.650609016418457,1
2026-03-23 01:15:00,0,0.06645406782627106,0
2026-03-23 01:30:00,1,0.8742785453796387,1
2026-03-23 01:45:00,0,0.44174161553382874,0
2026-03-23 02:00:00,0,0.45878034830093384,0
2026-03-23 02:15:00,0,0.5913811326026917,1
2026-03-23 02:30:00,0,0.029523268342018127,0
2026-03-23 02:45:00,1,0.8410148024559021,1
2026-03-23 03:00:00,1,0.8566720485687256,1
2026-03-23 03:15:00,0,0.42286282777786255,0
2026-03-23 03:30:00,0,0.34190839529037476,0
2026-03-23 03:45:00,1,0.6075210571289062,1
2026-03-23 04:00:00,1,0.6523675918579102,1
2026-03-23 04:15:00,0,0.3025192320346832,0
2026-03-23 04:30:00,1,0.5956218242645264,1
2026-03-23 04:45:00,0,0.05753030627965927,0
2026-03-23 05:00:00,0,0.21546363830566406,0
2026-03-23 05:15:00,1,0.6611830592155457,1
2026-03-23 05:30:00,1,0.32528966665267944,0
2026-03-23 05:45:00,1,0.7867026329040527,1
2026-03-23 06:00:00,1,0.393218457698822,0
2026-03-23 06:15:00,1,0.6367504596710205,1
2026-03-23 06:30:00,1,0.4193679988384247,0
2026-03-23 06:45:00,1,0.2476881742477417,0
2026-03-23 07:00:00,1,0.716392457485199,1
2026-03-23 07:15:00,0,0.6801244616508484,1
2026-03-23 07:30:00,1,0.8874664306640625,1
2026-03-23 07:45:00,1,0.47218701243400574,0
2026-03-23 08:00:00,0,0.8843093514442444,1
2026-03-23 08:15:00,0,0.09326404333114624,0
2026-03-23 08:30:00,0,0.3276746869087219,0
2026-03-23 08:45:00,0,0.1994599997997284,0
2026-03-23 09:00:00,1,0.7981439828872681,1
2026-03-23 09:15:00,0,0.27296531200408936,0
2026-03-23 09:30:00,1,0.7208637595176697,1
2026-03-23 09:45:00,1,0.7291920185089111,1
2026-03-23 10:00:00,1,0.5115442276000977,1
2026-03-23 10:15:00,0,0.46077996492385864,0
2026-03-23 10:30:00,1,0.8845527172088623,1
2026-03-23 10:45:00,1,0.8535231351852417,1
2026-03-23 11:00:00,0,0.7075903415679932,1
2026-03-23 11:15:00,0,0.3012082278728485,0
2026-03-23 11:30:00,1,0.8512735366821289,1
2026-03-23 11:45:00,1,0.5999022722244263,1
2026-03-23 12:00:00,0,0.15277934074401855,0
2026-03-23 12:15:00,1,0.6098223924636841,1
2026-03-23 12:30:00,0,0.503274142742157,1
2026-03-23 12:45:00,0,0.32287293672561646,0
2026-03-23 13:00:00,1,0.12763307988643646,0
2026-03-23 13:15:00,1,0.6008144021034241,1
2026-03-23 13:30:00,1,0.748587429523468,1
2026-03-23 13:45:00,0,0.43078485131263733,0
2026-03-23 14:00:00,0,0.754042387008667,1
2026-03-23 14:15:00,1,0.8726818561553955,1
2026-03-23 14:30:00,1,0.8194587826728821,1
2026-03-23 14:45:00,0,0.4430735111236572,0
2026-03-23 15:00:00,0,0.17603620886802673,0
2026-03-23 15:15:00,0,0.12001644819974899,0
2026-03-23 15:30:00,1,0.08128989487886429,0
2026-03-23 15:45:00,1,0.5880003571510315,1
2026-03-23 16:00:00,0,0.2505015432834625,0
2026-03-23 16:15:00,1,0.39731165766716003,0
2026-03-23 16:30:00,1,0.4945865869522095,0
2026-03-23 16:45:00,1,0.4631427526473999,0
2026-03-23 17:00:00,0,0.9050019383430481,1
2026-03-23 17:15:00,0,0.29673662781715393,0
2026-03-23 17:30:00,0,0.21123716235160828,0
2026-03-23 17:45:00,1,0.7802101373672485,1
2026-03-23 18:00:00,0,0.4655076563358307,0
2026-03-23 18:15:00,1,0.659270167350769,1
2026-03-23 18:30:00,0,0.35929834842681885,0
2026-03-23 18:45:00,1,0.8726598620414734,1
2026-03-23 19:00:00,0,0.6884030699729919,1
2026-03-23 19:15:00,1,0.254915326833725,0
2026-03-23 19:30:00,1,0.9014635682106018,1
2026-03-23 19:45:00,0,0.6415603756904602,1
2026-03-23 20:00:00,1,0.49875569343566895,0
2026-03-23 20:15:00,1,0.5919612050056458,1
2026-03-23 20:30:00,0,0.21495838463306427,0
2026-03-23 20:45:00,1,0.7951178550720215,1
2026-03-23 21:00:00,1,0.8198995590209961,1
2026-03-23 21:15:00,0,0.12419221550226212,0
2026-03-23 21:30:00,0,0.15349699556827545,0
2026-03-23 21:45:00,1,0.8388614654541016,1
2026-03-23 22:00:00,0,0.11678998917341232,0
2026-03-23 22:15:00,0,0.6088457107543945,1
2026-03-23 22:30:00,1,0.6974127888679504,1
2026-03-23 22:45:00,0,0.4191872775554657,0
2026-03-23 23:00:00,1,0.6572220921516418,1
2026-03-23 23:15:00,1,0.9268056750297546,1
2026-03-23 23:30:00,1,0.8849267959594727,1
2026-03-23 23:45:00,1,0.8207088708877563,1
2026-03-24 00:00:00,1,0.5424697399139404,1
2026-03-24 00:15:00,1,0.8372011184692383,1
2026-03-24 00:30:00,0,0.4295768439769745,0
2026-03-24 00:45:00,1,0.19053338468074799,0
2026-03-24 01:00:00,0,0.1567876636981964,0
2026-03-24 01:15:00,0,0.13350310921669006,0
2026-03-24 01:30:00,1,0.8499159812927246,1
2026-03-24 01:45:00,0,0.49391844868659973,0
2026-03-24 02:00:00,0,0.7968617081642151,1
2026-03-24 02:15:00,1,0.8162816166877747,1
2026-03-24 02:30:00,1,0.7795673608779907,1
2026-03-24 02:45:00,1,0.6068446636199951,1
2026-03-24 03:00:00,0,0.34646132588386536,0
2026-03-24 03:15:00,0,0.27648279070854187,0
2026-03-24 03:30:00,1,0.6207441091537476,1
2026-03-24 03:45:00,1,0.20410257577896118,0
2026-03-24 04:00:00,0,0.1432335525751114,0
2026-03-24 04:15:00,0,0.2557291090488434,0
2026-03-24 04:30:00,1,0.8090968132019043,1
2026-03-24 04:45:00,0,0.6768350601196289,1
2026-03-24 05:00:00,0,0.45927292108535767,0
2026-03-24 05:15:00,0,0.5805407762527466,1
2026-03-24 05:30:00,0,0.2839210331439972,0
2026-03-24 05:45:00,1,0.550173819065094,1
2026-03-24 06:00:00,0,0.7809037566184998,1
2026-03-24 06:15:00,0,0.30105704069137573,0
2026-03-24 06:30:00,0,0.5906550288200378,1
2026-03-24 06:45:00,0,0.6209943890571594,1
2026-03-24 07:00:00,0,0.724166989326477,1
2026-03-24 07:15:00,1,0.5066699981689453,1
2026-03-24 07:30:00,0,0.5993782877922058,1
2026-03-24 07:45:00,1,0.0931672677397728,0
2026-03-24 08:00:00,1,0.9149142503738403,1
2026-03-24 08:15:00,1,0.639783501625061,1
2026-03-24 08:30:00,0,0.031472284346818924,0
2026-03-24 08:45:00,0,0.502836287021637,1
2026-03-24 09:00:00,1,0.43809473514556885,0
2026-03-24 09:15:00,0,0.691856324672699,1
2026-03-24 09:30:00,0,0.4446992874145508,0
2026-03-24 09:45:00,0,0.8103412985801697,1
2026-03-24 10:00:00,0,0.41653522849082947,0
2026-03-24 10:15:00,0,0.15910430252552032,0
2026-03-24 10:30:00,0,0.42325013875961304,0
2026-03-24 10:45:00,1,0.7063707709312439,1
2026-03-24 11:00:00,1,0.2983008325099945,0
2026-03-24 11:15:00,1,0.5728092193603516,1
2026-03-24 11:30:00,1,0.9178791642189026,1
2026-03-24 11:45:00,0,0.5630507469177246,1
2026-03-24 12:00:00,1,0.825995683670044,1
2026-03-24 12:15:00,0,0.37236180901527405,0
2026-03-24 12:30:00,0,0.12365452200174332,0
2026-03-24 12:45:00,0,0.2920835316181183,0
2026-03-24 13:00:00,1,0.7971022129058838,1
2026-03-24 13:15:00,1,0.8906794786453247,1
2026-03-24 13:30:00,1,0.9335818290710449,1
2026-03-24 13:45:00,1,0.28475022315979004,0
2026-03-24 14:00:00,0,0.7954326272010803,1
2026-03-24 14:15:00,1,0.5975991487503052,1
2026-03-24 14:30:00,1,0.5235029458999634,1
2026-03-24 14:45:00,1,0.422365665435791,0
2026-03-24 15:00:00,1,0.5193304419517517,1
2026-03-24 15:15:00,0,0.23165501654148102,0
2026-03-24 15:30:00,0,0.10712771117687225,0
2026-03-24 15:45:00,1,0.43298080563545227,0
2026-03-24 16:00:00,1,0.19686245918273926,0
2026-03-24 16:15:00,1,0.7163839340209961,1
2026-03-24 16:30:00,0,0.6498066186904907,1
2026-03-24 16:45:00,0,0.4099765717983246,0
2026-03-24 17:00:00,1,0.4677395820617676,0
2026-03-24 17:15:00,0,0.03397618234157562,0
2026-03-24 17:30:00,1,0.3803997039794922,0
2026-03-24 17:45:00,0,0.6612789630889893,1
2026-03-24 18:00:00,0,0.3430618345737457,0
2026-03-24 18:15:00,0,0.15018053352832794,0
2026-03-24 18:30:00,1,0.09001025557518005,0
2026-03-24 18:45:00,0,0.6523099541664124,1
2026-03-24 19:00:00,0,0.3196882903575897,0
2026-03-24 19:15:00,1,0.5145190954208374,1
2026-03-24 19:30:00,1,0.4955872893333435,0
2026-03-24 19:45:00,0,0.6690323948860168,1
2026-03-24 20:00:00,1,0.3924259841442108,0
2026-03-24 20:15:00,1,0.1404452621936798,0
2026-03-24 20:30:00,1,0.871320366859436,1
2026-03-24 20:45:00,0,0.795021653175354,1
2026-03-24 21:00:00,1,0.4096566438674927,0
2026-03-24 21:15:00,1,0.35107338428497314,0
2026-03-24 21:30:00,0,0.10365234315395355,0
2026-03-24 21:45:00,1,0.1691523790359497,0
2026-03-24 22:00:00,1,0.5745888948440552,1
2026-03-24 22:15:00,0,0.30224162340164185,0
2026-03-24 22:30:00,1,0.5370471477508545,1
2026-03-24 22:45:00,0,0.0959218293428421,0
2026-03-24 23:00:00,0,0.753009021282196,1
2026-03-24 23:15:00,1,0.9074053168296814,1
2026-03-24 23:30:00,0,0.322758287191391,0
2026-03-24 23:45:00,0,0.3295168876647949,0
2026-03-25 00:00:00,1,0.7994803786277771,1
2026-03-25 00:15:00,0,0.535304605960846,1
2026-03-25 00:30:00,1,0.8316897749900818,1
2026-03-25 00:45:00,0,0.23693548142910004,0
2026-03-25 01:00:00,0,0.6865133047103882,1
2026-03-25 01:15:00,1,0.829674482345581,1
2026-03-25 01:30:00,1,0.8401798605918884,1
2026-03-25 01:45:00,0,0.30321696400642395,0
2026-03-25 02:00:00,1,0.46729496121406555,0
2026-03-25 02:15:00,0,0.8506163954734802,1
2026-03-25 02:30:00,0,0.747992217540741,1
2026-03-25 02:45:00,1,0.10051814466714859,0
2026-03-25 03:00:00,1,0.6727657914161682,1
2026-03-25 03:15:00,0,0.7889934778213501,1
2026-03-25 03:30:00,1,0.11167699098587036,0
2026-03-25 03:45:00,1,0.7914884686470032,1
2026-03-25 04:00:00,1,0.8134663105010986,1
2026-03-25 04:15:00,1,0.871920108795166,1
2026-03-25 04:30:00,0,0.7037817239761353,1
2026-03-25 04:45:00,0,0.07208850234746933,0
2026-03-25 05:00:00,1,0.9026143550872803,1
2026-03-25 05:15:00,0,0.06528420746326447,0
2026-03-25 05:30:00,1,0.32214561104774475,0
2026-03-25 05:45:00,1,0.31614845991134644,0
2026-03-25 06:00:00,0,0.5762239694595337,1
2026-03-25 06:15:00,0,0.4223233163356781,0
2026-03-25 06:30:00,1,0.8783833980560303,1
2026-03-25 06:45:00,0,0.537312924861908,1
2026-03-25 07:00:00,0,0.5909981727600098,1
2026-03-25 07:15:00,0,0.9180709719657898,1
2026-03-25 07:30:00,1,0.9192466139793396,1
2026-03-25 07:45:00,0,0.2627136707305908,0
2026-03-25 08:00:00,0,0.6723853349685669,1
2026-03-25 08:15:00,1,0.3201056122779846,0
2026-03-25 08:30:00,0,0.5428772568702698,1
2026-03-25 08:45:00,0,0.4621433913707733,0
2026-03-25 09:00:00,1,0.3551822602748871,0
2026-03-25 09:15:00,1,0.4639362692832947,0
2026-03-25 09:30:00,0,0.5215101838111877,1
2026-03-25 09:45:00,0,0.15305614471435547,0
2026-03-25 10:00:00,0,0.7612414360046387,1
2026-03-25 10:15:00,0,0.07742922008037567,0
2026-03-25 10:30:00,0,0.40803971886634827,0
2026-03-25 10:45:00,0,0.5522329807281494,1
2026-03-25 11:00:00,1,0.6033332347869873,1
2026-03-25 11:15:00,1,0.7282902002334595,1
2026-03-25 11:30:00,0,0.20143121480941772,0
2026-03-25 11:45:00,0,0.8333614468574524,1
2026-03-25 12:00:00,1,0.7597967982292175,1
2026-03-25 12:15:00,1,0.7333362698554993,1
2026-03-25 12:30:00,1,0.455203115940094,0
2026-03-25 12:45:00,0,0.31439119577407837,0
2026-03-25 13:00:00,0,0.3580067455768585,0
2026-03-25 13:15:00,0,0.9599170684814453,1
2026-03-25 13:30:00,1,0.4009614586830139,0
2026-03-25 13:45:00,1,0.21898560225963593,0
2026-03-25 14:00:00,1,0.3385060131549835,0
2026-03-25 14:15:00,0,0.07949399203062057,0
2026-03-25 14:30:00,1,0.6786911487579346,1
2026-03-25 14:45:00,0,0.4790346622467041,0
2026-03-25 15:00:00,0,0.8807706832885742,1
2026-03-25 15:15:00,1,0.2777668535709381,0
2026-03-25 15:30:00,1,0.9337767958641052,1
2026-03-25 15:45:00,1,0.5362216234207153,1
2026-03-25 16:00:00,0,0.45874303579330444,0
2026-03-25 16:15:00,1,0.6098186373710632,1
2026-03-25 16:30:00,0,0.33339864015579224,0
2026-03-25 16:45:00,1,0.7536653876304626,1
2026-03-25 17:00:00,0,0.5039030313491821,1
2026-03-25 17:15:00,1,0.8256640434265137,1
2026-03-25 17:30:00,1,0.808897852897644,1
2026-03-25 17:45:00,0,0.7320757508277893,1
2026-03-25 18:00:00,0,0.5790542960166931,1
2026-03-25 18:15:00,1,0.08349864929914474,0
2026-03-25 18:30:00,0,0.4868314266204834,0
2026-03-25 18:45:00,1,0.6077501177787781,1
2026-03-25 19:00:00,0,0.5645151138305664,1
2026-03-25 19:15:00,0,0.16281694173812866,0
2026-03-25 19:30:00,0,0.18051539361476898,0
2026-03-25 19:45:00,1,0.576547384262085,1
2026-03-25 20:00:00,1,0.3907143473625183,0
2026-03-25 20:15:00,0,0.3308852016925812,0
2026-03-25 20:30:00,1,0.7423544526100159,1
2026-03-25 20:45:00,1,0.5867412090301514,1
2026-03-25 21:00:00,0,0.20569364726543427,0
2026-03-25 21:15:00,1,0.5530020594596863,1
2026-03-25 21:30:00,0,0.4613928198814392,0
2026-03-25 21:45:00,0,0.5681009888648987,1
2026-03-25 22:00:00,0,0.6964350938796997,1
2026-03-25 22:15:00,1,0.6233549118041992,1
2026-03-25 22:30:00,0,0.21875014901161194,0
2026-03-25 22:45:00,0,0.5557543039321899,1
2026-03-26 02:00:00,1,0.17420214414596558,0
2026-03-26 02:15:00,0,0.13455058634281158,0
2026-03-26 02:30:00,0,0.16581398248672485,0
2026-03-26 02:45:00,1,0.4944899082183838,0
2026-03-26 03:00:00,0,0.627298891544342,1
2026-03-26 03:15:00,1,0.716529130935669,1
2026-03-26 03:30:00,0,0.1020561084151268,0
2026-03-26 03:45:00,0,0.30511781573295593,0
2026-03-26 04:00:00,1,0.7002356648445129,1
2026-03-26 04:15:00,0,0.2867183983325958,0
2026-03-26 04:30:00,1,0.751727819442749,1
2026-03-26 04:45:00,0,0.6866039633750916,1
2026-03-26 05:00:00,1,0.7256406545639038,1
2026-03-26 05:15:00,1,0.5740960836410522,1
2026-03-26 05:30:00,0,0.39405375719070435,0
2026-03-26 05:45:00,1,0.836195170879364,1
2026-03-26 06:00:00,1,0.7153894305229187,1
2026-03-26 06:15:00,0,0.7598331570625305,1
2026-03-26 06:30:00,1,0.6359744071960449,1
2026-03-26 06:45:00,1,0.9067040085792542,1
2026-03-26 07:00:00,0,0.6521502733230591,1
2026-03-26 07:15:00,1,0.6236897110939026,1
2026-03-26 07:30:00,0,0.8143888115882874,1
2026-03-26 07:45:00,0,0.5177062153816223,1
2026-03-26 08:00:00,0,0.23007318377494812,0
2026-03-26 08:15:00,0,0.3684001863002777,0
2026-03-26 08:30:00,0,0.5625061988830566,1
2026-03-26 08:45:00,1,0.6721509099006653,1
2026-03-26 09:00:00,0,0.5974642038345337,1
2026-03-26 09:15:00,0,0.4058854281902313,0
2026-03-26 09:30:00,1,0.6209056377410889,1
2026-03-26 09:45:00,1,0.633521318435669,1
2026-03-26 10:00:00,1,0.7781391739845276,1
2026-03-26 10:15:00,1,0.7021051645278931,1
2026-03-26 10:30:00,0,0.8789277672767639,1
2026-03-26 10:45:00,0,0.1646079421043396,0
2026-03-26 11:00:00,0,0.947787880897522,1
2026-03-26 11:15:00,0,0.26652902364730835,0
2026-03-26 11:30:00,1,0.7817729711532593,1
2026-03-26 11:45:00,1,0.7377001643180847,1
2026-03-26 12:00:00,0,0.4520418643951416,0
2026-03-26 12:15:00,0,0.6855084896087646,1
2026-03-26 12:30:00,1,0.3490484356880188,0
2026-03-26 12:45:00,0,0.7393674254417419,1
2026-03-26 13:00:00,1,0.46785029768943787,0
2026-03-26 13:15:00,0,0.4547984302043915,0
2026-03-26 13:30:00,1,0.7529618740081787,1
2026-03-26 13:45:00,0,0.3429489731788635,0
2026-03-26 14:00:00,0,0.5833505392074585,1
2026-03-26 14:15:00,1,0.36855441331863403,0
2026-03-26 14:30:00,0,0.3729705214500427,0
2026-03-26 14:45:00,0,0.3892391324043274,0
2026-03-26 15:00:00,1,0.535708487033844,1
2026-03-26 15:15:00,0,0.34639444947242737,0
2026-03-26 15:30:00,1,0.5028915405273438,1
2026-03-26 15:45:00,1,0.5668914318084717,1
2026-03-26 16:00:00,0,0.8841074705123901,1
2026-03-26 16:15:00,0,0.7263752222061157,1
2026-03-26 16:30:00,1,0.3668120801448822,0
2026-03-26 16:45:00,1,0.655055582523346,1
2026-03-26 17:00:00,1,0.23603542149066925,0
2026-03-26 17:15:00,0,0.31048402190208435,0
2026-03-26 17:30:00,0,0.5014093518257141,1
2026-03-26 17:45:00,1,0.11107854545116425,0
